ISO-10303-21;
HEADER;
FILE_DESCRIPTION (( 'STEP AP203' ),
    '1' );
FILE_NAME ('Bag holding structure.STEP',
    '2026-05-02T20:34:56',
    ( '' ),
    ( '' ),
    'SwSTEP 2.0',
    'SolidWorks 2025',
    '' );
FILE_SCHEMA (( 'CONFIG_CONTROL_DESIGN' ));
ENDSEC;

DATA;
#1 = FACE_OUTER_BOUND ( 'NONE', #1497, .T. ) ;
#2 = EDGE_CURVE ( 'NONE', #1092, #583, #870, .T. ) ;
#3 = CARTESIAN_POINT ( 'NONE',  ( 79.99999999999945999, 1200.000000000000000, 80.00000000000000000 ) ) ;
#4 = EDGE_LOOP ( 'NONE', ( #340, #296, #878, #1512 ) ) ;
#5 = DIRECTION ( 'NONE',  ( 0.000000000000000000, -0.000000000000000000, 1.000000000000000000 ) ) ;
#6 = ORIENTED_EDGE ( 'NONE', *, *, #183, .F. ) ;
#7 = CC_DESIGN_PERSON_AND_ORGANIZATION_ASSIGNMENT ( #345, #815, ( #692 ) ) ;
#8 = EDGE_CURVE ( 'NONE', #1152, #1440, #1344, .T. ) ;
#9 = CARTESIAN_POINT ( 'NONE',  ( 79.99999999999998579, 0.000000000000000000, 80.00000000000000000 ) ) ;
#10 = ORIENTED_EDGE ( 'NONE', *, *, #253, .F. ) ;
#11 = LINE ( 'NONE', #1170, #1082 ) ;
#12 = CARTESIAN_POINT ( 'NONE',  ( 79.99999999999998579, 60.00000000000000000, -60.00000000000005684 ) ) ;
#13 = VERTEX_POINT ( 'NONE', #1471 ) ;
#14 = FACE_OUTER_BOUND ( 'NONE', #843, .T. ) ;
#15 = CARTESIAN_POINT ( 'NONE',  ( 79.99999999999998579, 60.00000000000000000, 140.0000000000000568 ) ) ;
#16 = ORIENTED_EDGE ( 'NONE', *, *, #1010, .T. ) ;
#17 = DIRECTION ( 'NONE',  ( -1.000000000000000000, 0.000000000000000000, 0.000000000000000000 ) ) ;
#18 = ORIENTED_EDGE ( 'NONE', *, *, #1449, .F. ) ;
#19 = EDGE_CURVE ( 'NONE', #1218, #247, #35, .T. ) ;
#20 = AXIS2_PLACEMENT_3D ( 'NONE', #337, #1532, #5 ) ;
#21 = VECTOR ( 'NONE', #1446, 1000.000000000000114 ) ;
#22 = VECTOR ( 'NONE', #587, 1000.000000000000000 ) ;
#23 = PLANE ( 'NONE',  #1012 ) ;
#24 = LINE ( 'NONE', #1100, #117 ) ;
#25 = ORIENTED_EDGE ( 'NONE', *, *, #973, .F. ) ;
#26 = DIRECTION ( 'NONE',  ( -1.000000000000000000, 0.000000000000000000, 0.000000000000000000 ) ) ;
#27 = ADVANCED_FACE ( 'NONE', ( #979 ), #1456, .T. ) ;
#28 = CARTESIAN_POINT ( 'NONE',  ( 79.99999999999945999, 1200.000000000000000, 80.00000000000000000 ) ) ;
#29 = CARTESIAN_POINT ( 'NONE',  ( 0.000000000000000000, 0.000000000000000000, 80.00000000000000000 ) ) ;
#30 = VERTEX_POINT ( 'NONE', #757 ) ;
#31 = DIRECTION ( 'NONE',  ( 0.000000000000000000, 0.7071067811865475727, -0.7071067811865475727 ) ) ;
#32 = ORIENTED_EDGE ( 'NONE', *, *, #301, .F. ) ;
#33 = CARTESIAN_POINT ( 'NONE',  ( 4160.000000000000909, 455.1471862576142939, -60.00000000000000000 ) ) ;
#34 = DIRECTION ( 'NONE',  ( -1.000000000000000000, 0.000000000000000000, 0.000000000000000000 ) ) ;
#35 = LINE ( 'NONE', #29, #65 ) ;
#36 = ORIENTED_EDGE ( 'NONE', *, *, #2, .T. ) ;
#37 = EDGE_CURVE ( 'NONE', #1196, #880, #605, .T. ) ;
#38 = DIRECTION ( 'NONE',  ( -1.000000000000000000, 0.000000000000000000, 0.000000000000000000 ) ) ;
#39 = EDGE_LOOP ( 'NONE', ( #772, #128 ) ) ;
#40 = DIRECTION ( 'NONE',  ( -0.000000000000000000, -0.000000000000000000, -1.000000000000000000 ) ) ;
#41 = FACE_OUTER_BOUND ( 'NONE', #280, .T. ) ;
#42 = ADVANCED_FACE ( 'NONE', ( #407, #164, #498, #1201, #43, #490 ), #402, .T. ) ;
#43 = FACE_BOUND ( 'NONE', #923, .T. ) ;
#44 = ORIENTED_EDGE ( 'NONE', *, *, #1323, .F. ) ;
#45 = DIRECTION ( 'NONE',  ( 0.000000000000000000, -1.580424897533018175E-16, 1.000000000000000000 ) ) ;
#46 = EDGE_CURVE ( 'NONE', #1166, #30, #157, .T. ) ;
#47 = EDGE_LOOP ( 'NONE', ( #405, #867, #478, #176 ) ) ;
#48 = AXIS2_PLACEMENT_3D ( 'NONE', #977, #392, #859 ) ;
#49 = LOCAL_TIME ( 22, 34, 56.00000000000000000, #1157 ) ;
#50 = DIRECTION ( 'NONE',  ( 0.000000000000000000, -1.756027663925576400E-17, 1.000000000000000000 ) ) ;
#51 = DIRECTION ( 'NONE',  ( -0.000000000000000000, -0.000000000000000000, -1.000000000000000000 ) ) ;
#52 = EDGE_LOOP ( 'NONE', ( #963, #464, #1074, #1347 ) ) ;
#53 = ADVANCED_FACE ( 'NONE', ( #513 ), #996, .F. ) ;
#54 = DIRECTION ( 'NONE',  ( 0.000000000000000000, -0.7071067811865474617, 0.7071067811865476838 ) ) ;
#55 = ORIENTED_EDGE ( 'NONE', *, *, #46, .F. ) ;
#56 = FACE_OUTER_BOUND ( 'NONE', #751, .T. ) ;
#57 = DIRECTION ( 'NONE',  ( -0.000000000000000000, 1.000000000000000000, -0.000000000000000000 ) ) ;
#58 = VERTEX_POINT ( 'NONE', #378 ) ;
#59 = CARTESIAN_POINT ( 'NONE',  ( 0.000000000000000000, 2260.000000000000455, 80.00000000000000000 ) ) ;
#60 = ORIENTED_EDGE ( 'NONE', *, *, #530, .F. ) ;
#61 = FACE_OUTER_BOUND ( 'NONE', #165, .T. ) ;
#62 = DIRECTION ( 'NONE',  ( -0.000000000000000000, 0.000000000000000000, -1.000000000000000000 ) ) ;
#63 = EDGE_CURVE ( 'NONE', #1331, #1124, #1261, .T. ) ;
#64 = CARTESIAN_POINT ( 'NONE',  ( 4080.000000000000909, 60.00000000000000000, -455.1471862576142939 ) ) ;
#65 = VECTOR ( 'NONE', #51, 1000.000000000000000 ) ;
#66 = DIRECTION ( 'NONE',  ( 0.000000000000000000, 1.000000000000000000, -1.404822131140460627E-16 ) ) ;
#67 = EDGE_LOOP ( 'NONE', ( #1204, #255, #6 ) ) ;
#68 = AXIS2_PLACEMENT_3D ( 'NONE', #333, #1274, #74 ) ;
#69 = CARTESIAN_POINT ( 'NONE',  ( 4080.000000000000909, 60.00000000000000000, -60.00000000000005684 ) ) ;
#70 = DIRECTION ( 'NONE',  ( -0.000000000000000000, -1.000000000000000000, -0.000000000000000000 ) ) ;
#71 = VECTOR ( 'NONE', #950, 1000.000000000000000 ) ;
#72 = LINE ( 'NONE', #558, #536 ) ;
#73 = EDGE_CURVE ( 'NONE', #890, #1038, #259, .T. ) ;
#74 = DIRECTION ( 'NONE',  ( -1.000000000000000000, 0.000000000000000000, 0.000000000000000000 ) ) ;
#75 = CYLINDRICAL_SURFACE ( 'NONE', #540, 25.00000000000035527 ) ;
#76 = ORIENTED_EDGE ( 'NONE', *, *, #276, .F. ) ;
#77 = DIRECTION ( 'NONE',  ( 0.000000000000000000, 0.000000000000000000, 1.000000000000000000 ) ) ;
#78 = CARTESIAN_POINT ( 'NONE',  ( 0.000000000000000000, 60.00000000000000000, -455.1471862576142939 ) ) ;
#79 = CARTESIAN_POINT ( 'NONE',  ( 4080.000000000000909, 60.00000000000000000, 140.0000000000000568 ) ) ;
#80 = CARTESIAN_POINT ( 'NONE',  ( 4120.000000000000909, 2220.000000000000000, -200.0000000000000000 ) ) ;
#81 = ORIENTED_EDGE ( 'NONE', *, *, #285, .F. ) ;
#82 = EDGE_CURVE ( 'NONE', #718, #134, #1126, .T. ) ;
#83 = APPROVAL_ROLE ( '' ) ;
#84 = CARTESIAN_POINT ( 'NONE',  ( 4080.000000000000000, 2200.000000000000000, 80.00000000000000000 ) ) ;
#85 = ORIENTED_EDGE ( 'NONE', *, *, #766, .T. ) ;
#86 = DIRECTION ( 'NONE',  ( -0.000000000000000000, -0.7071067811865474617, 0.7071067811865474617 ) ) ;
#87 = CARTESIAN_POINT ( 'NONE',  ( 4080.000000000000909, 600.0000000000000000, 80.00000000000000000 ) ) ;
#88 = EDGE_LOOP ( 'NONE', ( #483, #1447, #189, #596 ) ) ;
#89 = APPROVAL_STATUS ( 'not_yet_approved' ) ;
#90 = DIRECTION ( 'NONE',  ( -1.000000000000000000, 0.000000000000000000, 0.000000000000000000 ) ) ;
#91 = VECTOR ( 'NONE', #724, 1000.000000000000114 ) ;
#92 = ADVANCED_FACE ( 'NONE', ( #534 ), #1133, .T. ) ;
#93 = AXIS2_PLACEMENT_3D ( 'NONE', #1346, #735, #509 ) ;
#94 = ORIENTED_EDGE ( 'NONE', *, *, #46, .T. ) ;
#95 = VECTOR ( 'NONE', #1281, 1000.000000000000114 ) ;
#96 = DIRECTION ( 'NONE',  ( 0.000000000000000000, -0.000000000000000000, -1.000000000000000000 ) ) ;
#97 = ORIENTED_EDGE ( 'NONE', *, *, #667, .F. ) ;
#98 = FACE_OUTER_BOUND ( 'NONE', #1130, .T. ) ;
#99 = ORIENTED_EDGE ( 'NONE', *, *, #1142, .F. ) ;
#100 = ADVANCED_FACE ( 'NONE', ( #1356 ), #777, .T. ) ;
#101 = PERSON_AND_ORGANIZATION ( #502, #1387 ) ;
#102 = DIRECTION ( 'NONE',  ( -0.000000000000000000, -0.000000000000000000, -1.000000000000000000 ) ) ;
#103 = DIRECTION ( 'NONE',  ( -0.000000000000000000, -0.000000000000000000, -1.000000000000000000 ) ) ;
#104 = ORIENTED_EDGE ( 'NONE', *, *, #1010, .F. ) ;
#105 = CARTESIAN_POINT ( 'NONE',  ( 4160.000000000000909, 2260.000000000000455, 80.00000000000000000 ) ) ;
#106 = MANIFOLD_SOLID_BREP ( 'Boss.-Extru.3', #140 ) ;
#107 = DIRECTION ( 'NONE',  ( -1.000000000000000000, 0.000000000000000000, -0.000000000000000000 ) ) ;
#108 = DIRECTION ( 'NONE',  ( 0.000000000000000000, -1.000000000000000000, -0.000000000000000000 ) ) ;
#109 = CARTESIAN_POINT ( 'NONE',  ( 4160.000000000000909, 60.00000000000000000, -455.1471862576142939 ) ) ;
#110 = MANIFOLD_SOLID_BREP ( 'Boss.-Extru.4[1]', #414 ) ;
#111 = ORIENTED_EDGE ( 'NONE', *, *, #823, .T. ) ;
#112 = EDGE_CURVE ( 'NONE', #571, #251, #551, .T. ) ;
#113 = PLANE ( 'NONE',  #415 ) ;
#114 = CARTESIAN_POINT ( 'NONE',  ( 0.000000000000000000, 60.00000000000000000, -60.00000000000005684 ) ) ;
#115 = ORIENTED_EDGE ( 'NONE', *, *, #1009, .T. ) ;
#116 = CARTESIAN_POINT ( 'NONE',  ( 0.000000000000000000, 0.000000000000000000, 0.000000000000000000 ) ) ;
#117 = VECTOR ( 'NONE', #1203, 1000.000000000000000 ) ;
#118 = VECTOR ( 'NONE', #912, 1000.000000000000000 ) ;
#119 = ORIENTED_EDGE ( 'NONE', *, *, #830, .F. ) ;
#120 = VECTOR ( 'NONE', #1095, 1000.000000000000000 ) ;
#121 = DIRECTION ( 'NONE',  ( 1.000000000000000000, 0.000000000000000000, 0.000000000000000000 ) ) ;
#122 = LINE ( 'NONE', #1184, #470 ) ;
#123 = ORIENTED_EDGE ( 'NONE', *, *, #1020, .T. ) ;
#124 = CARTESIAN_POINT ( 'NONE',  ( 4080.000000000000909, 455.1471862576142939, 140.0000000000000000 ) ) ;
#125 = LINE ( 'NONE', #845, #349 ) ;
#126 = ORIENTED_EDGE ( 'NONE', *, *, #1330, .T. ) ;
#127 = DIRECTION ( 'NONE',  ( -1.000000000000000000, 0.000000000000000000, 0.000000000000000000 ) ) ;
#128 = ORIENTED_EDGE ( 'NONE', *, *, #614, .T. ) ;
#129 = CARTESIAN_POINT ( 'NONE',  ( 0.000000000000000000, 455.1471862576142939, 140.0000000000000000 ) ) ;
#130 = DIRECTION ( 'NONE',  ( 0.000000000000000000, -0.7071067811865474617, 0.7071067811865474617 ) ) ;
#131 = FACE_OUTER_BOUND ( 'NONE', #1239, .T. ) ;
#132 = ADVANCED_FACE ( 'NONE', ( #658, #544 ), #673, .F. ) ;
#133 = LINE ( 'NONE', #608, #1537 ) ;
#134 = VERTEX_POINT ( 'NONE', #1254 ) ;
#135 = CARTESIAN_POINT ( 'NONE',  ( 15.00000000000024869, 2220.000000000000000, -200.0000000000000000 ) ) ;
#136 = UNCERTAINTY_MEASURE_WITH_UNIT (LENGTH_MEASURE( 1.000000000000000082E-05 ), #564, 'distance_accuracy_value', 'NONE');
#137 = CARTESIAN_POINT ( 'NONE',  ( 4080.000000000000000, 1200.000000000000000, 0.000000000000000000 ) ) ;
#138 = CARTESIAN_POINT ( 'NONE',  ( 40.00000000000000711, 1165.000000000000227, -200.0000000000000000 ) ) ;
#139 = ORIENTED_EDGE ( 'NONE', *, *, #73, .F. ) ;
#140 = CLOSED_SHELL ( 'NONE', ( #1250, #1171, #1417, #840, #1526, #42, #454, #389, #1039, #323, #734, #308, #1412, #1513, #1247, #1369, #525, #915, #1219, #1051, #27, #353, #1477, #1441, #1138, #1519, #196, #1487, #1352, #934, #100, #584, #53, #1514 ) ) ;
#141 = VECTOR ( 'NONE', #780, 1000.000000000000000 ) ;
#142 = VECTOR ( 'NONE', #307, 1000.000000000000114 ) ;
#143 = VECTOR ( 'NONE', #1299, 1000.000000000000000 ) ;
#144 = VECTOR ( 'NONE', #722, 1000.000000000000000 ) ;
#145 = DIRECTION ( 'NONE',  ( -0.000000000000000000, -0.000000000000000000, -1.000000000000000000 ) ) ;
#146 = LINE ( 'NONE', #160, #240 ) ;
#147 = VERTEX_POINT ( 'NONE', #1485 ) ;
#148 = DIRECTION ( 'NONE',  ( 1.249000902703300861E-16, -1.000000000000000000, 0.000000000000000000 ) ) ;
#149 = EDGE_CURVE ( 'NONE', #504, #526, #906, .T. ) ;
#150 = LINE ( 'NONE', #482, #956 ) ;
#151 = ORIENTED_EDGE ( 'NONE', *, *, #82, .T. ) ;
#152 = ORIENTED_EDGE ( 'NONE', *, *, #702, .T. ) ;
#153 = EDGE_CURVE ( 'NONE', #519, #828, #72, .T. ) ;
#154 = DIRECTION ( 'NONE',  ( 0.000000000000000000, 0.7071067811865474617, 0.7071067811865474617 ) ) ;
#155 = ORIENTED_EDGE ( 'NONE', *, *, #752, .F. ) ;
#156 = LINE ( 'NONE', #1229, #120 ) ;
#157 = LINE ( 'NONE', #876, #810 ) ;
#158 = ORIENTED_EDGE ( 'NONE', *, *, #808, .T. ) ;
#159 = EDGE_CURVE ( 'NONE', #403, #599, #646, .T. ) ;
#160 = CARTESIAN_POINT ( 'NONE',  ( 4160.000000000000909, 60.00000000000000000, 535.1471862576142939 ) ) ;
#161 = ORIENTED_EDGE ( 'NONE', *, *, #984, .T. ) ;
#162 = CARTESIAN_POINT ( 'NONE',  ( 4145.000000000000909, 2220.000000000000000, -200.0000000000000000 ) ) ;
#163 = PLANE ( 'NONE',  #1463 ) ;
#164 = FACE_BOUND ( 'NONE', #1273, .T. ) ;
#165 = EDGE_LOOP ( 'NONE', ( #897, #1335, #158, #418 ) ) ;
#166 = EDGE_CURVE ( 'NONE', #510, #1223, #528, .T. ) ;
#167 = VECTOR ( 'NONE', #693, 1000.000000000000114 ) ;
#168 = VECTOR ( 'NONE', #816, 1000.000000000000000 ) ;
#169 = DIRECTION ( 'NONE',  ( -1.000000000000000000, -1.217349807703022609E-16, 0.000000000000000000 ) ) ;
#170 = ORIENTED_EDGE ( 'NONE', *, *, #621, .T. ) ;
#171 = AXIS2_PLACEMENT_3D ( 'NONE', #1372, #1355, #776 ) ;
#172 = LINE ( 'NONE', #1246, #1265 ) ;
#173 = CARTESIAN_POINT ( 'NONE',  ( 4080.000000000000909, 60.00000000000000000, -455.1471862576142939 ) ) ;
#174 = ORIENTED_EDGE ( 'NONE', *, *, #1377, .F. ) ;
#175 = LINE ( 'NONE', #1016, #740 ) ;
#176 = ORIENTED_EDGE ( 'NONE', *, *, #1243, .T. ) ;
#177 = EDGE_CURVE ( 'NONE', #602, #790, #1494, .T. ) ;
#178 = DIRECTION ( 'NONE',  ( 0.000000000000000000, 0.000000000000000000, -1.000000000000000000 ) ) ;
#179 = DIRECTION ( 'NONE',  ( -1.000000000000000000, 0.000000000000000000, 0.000000000000000000 ) ) ;
#180 = CC_DESIGN_DATE_AND_TIME_ASSIGNMENT ( #1414, #820, ( #887 ) ) ;
#181 = LINE ( 'NONE', #541, #1011 ) ;
#182 = ORIENTED_EDGE ( 'NONE', *, *, #166, .T. ) ;
#183 = EDGE_CURVE ( 'NONE', #288, #1105, #444, .T. ) ;
#184 = DIRECTION ( 'NONE',  ( -1.000000000000000000, 0.000000000000000000, -0.000000000000000000 ) ) ;
#185 = DIRECTION ( 'NONE',  ( 0.000000000000000000, -1.000000000000000000, -0.000000000000000000 ) ) ;
#186 = DIRECTION ( 'NONE',  ( 0.000000000000000000, 0.000000000000000000, -1.000000000000000000 ) ) ;
#187 = CIRCLE ( 'NONE', #1433, 25.00000000000035527 ) ;
#188 = DIRECTION ( 'NONE',  ( 1.000000000000000000, 0.000000000000000000, 0.000000000000000000 ) ) ;
#189 = ORIENTED_EDGE ( 'NONE', *, *, #554, .T. ) ;
#190 = VECTOR ( 'NONE', #102, 1000.000000000000000 ) ;
#191 = FACE_OUTER_BOUND ( 'NONE', #694, .T. ) ;
#192 = AXIS2_PLACEMENT_3D ( 'NONE', #1482, #1470, #1143 ) ;
#193 = VECTOR ( 'NONE', #965, 1000.000000000000000 ) ;
#194 = DIRECTION ( 'NONE',  ( 0.000000000000000000, -0.7071067811865474617, 0.7071067811865476838 ) ) ;
#195 = ORIENTED_EDGE ( 'NONE', *, *, #1304, .F. ) ;
#196 = ADVANCED_FACE ( 'NONE', ( #428 ), #1002, .T. ) ;
#197 = CARTESIAN_POINT ( 'NONE',  ( 4080.000000000000909, 0.000000000000000000, -600.0000000000000000 ) ) ;
#198 = FACE_OUTER_BOUND ( 'NONE', #1005, .T. ) ;
#199 = ORIENTED_EDGE ( 'NONE', *, *, #594, .F. ) ;
#200 = PERSON_AND_ORGANIZATION_ROLE ( 'design_owner' ) ;
#201 = LINE ( 'NONE', #576, #466 ) ;
#202 = ORIENTED_EDGE ( 'NONE', *, *, #226, .F. ) ;
#203 = DIRECTION ( 'NONE',  ( 0.000000000000000000, -1.000000000000000000, 0.000000000000000000 ) ) ;
#204 = ORIENTED_EDGE ( 'NONE', *, *, #463, .T. ) ;
#205 = DIRECTION ( 'NONE',  ( 0.000000000000000000, 0.7071067811865475727, -0.7071067811865474617 ) ) ;
#206 = EDGE_LOOP ( 'NONE', ( #174, #228, #1472, #1056 ) ) ;
#207 = MECHANICAL_CONTEXT ( 'NONE', #1492, 'mechanical' ) ;
#208 = LINE ( 'NONE', #109, #167 ) ;
#209 = ORIENTED_EDGE ( 'NONE', *, *, #888, .F. ) ;
#210 = DIRECTION ( 'NONE',  ( 0.000000000000000000, 0.000000000000000000, 1.000000000000000000 ) ) ;
#211 = EDGE_CURVE ( 'NONE', #510, #1152, #899, .T. ) ;
#212 = CARTESIAN_POINT ( 'NONE',  ( 4160.000000000000909, 0.000000000000000000, 80.00000000000000000 ) ) ;
#213 = VERTEX_POINT ( 'NONE', #78 ) ;
#214 = DATE_AND_TIME ( #919, #49 ) ;
#215 = PLANE ( 'NONE',  #765 ) ;
#216 = PLANE ( 'NONE',  #884 ) ;
#217 = AXIS2_PLACEMENT_3D ( 'NONE', #80, #1268, #1353 ) ;
#218 = VECTOR ( 'NONE', #771, 1000.000000000000000 ) ;
#219 = VECTOR ( 'NONE', #1468, 1000.000000000000000 ) ;
#220 = EDGE_LOOP ( 'NONE', ( #1084, #839, #1368, #1307 ) ) ;
#221 = CARTESIAN_POINT ( 'NONE',  ( 4080.000000000000909, 600.0000000000000000, 0.000000000000000000 ) ) ;
#222 = DIRECTION ( 'NONE',  ( 1.000000000000000000, 0.000000000000000000, 0.000000000000000000 ) ) ;
#223 = SECURITY_CLASSIFICATION_LEVEL ( 'unclassified' ) ;
#224 = LINE ( 'NONE', #1295, #516 ) ;
#225 = CARTESIAN_POINT ( 'NONE',  ( 40.00000000000000711, 1165.000000000000227, -200.0000000000000000 ) ) ;
#226 = EDGE_CURVE ( 'NONE', #634, #1486, #312, .T. ) ;
#227 = ORIENTED_EDGE ( 'NONE', *, *, #1283, .F. ) ;
#228 = ORIENTED_EDGE ( 'NONE', *, *, #600, .F. ) ;
#229 = CARTESIAN_POINT ( 'NONE',  ( 4080.000000000000909, 60.00000000000000000, -60.00000000000005684 ) ) ;
#230 = APPLICATION_PROTOCOL_DEFINITION ( 'international standard', 'config_control_design', 1994, #1492 ) ;
#231 = LINE ( 'NONE', #1406, #22 ) ;
#232 = ORIENTED_EDGE ( 'NONE', *, *, #1304, .T. ) ;
#233 = LINE ( 'NONE', #116, #118 ) ;
#234 = ORIENTED_EDGE ( 'NONE', *, *, #373, .T. ) ;
#235 = LINE ( 'NONE', #1052, #143 ) ;
#236 = CALENDAR_DATE ( 2026, 2, 5 ) ;
#237 = DIRECTION ( 'NONE',  ( 1.000000000000000000, 0.000000000000000000, 0.000000000000000000 ) ) ;
#238 = ORIENTED_EDGE ( 'NONE', *, *, #659, .T. ) ;
#239 = CARTESIAN_POINT ( 'NONE',  ( 79.99999999999998579, 60.00000000000000000, 535.1471862576142939 ) ) ;
#240 = VECTOR ( 'NONE', #1460, 1000.000000000000114 ) ;
#241 = VECTOR ( 'NONE', #421, 1000.000000000000000 ) ;
#242 = ORIENTED_EDGE ( 'NONE', *, *, #37, .F. ) ;
#243 = AXIS2_PLACEMENT_3D ( 'NONE', #1499, #799, #325 ) ;
#244 = VECTOR ( 'NONE', #406, 1000.000000000000000 ) ;
#245 = APPROVAL_PERSON_ORGANIZATION ( #101, #282, #1047 ) ;
#246 = LINE ( 'NONE', #746, #1311 ) ;
#247 = VERTEX_POINT ( 'NONE', #1498 ) ;
#248 = DIRECTION ( 'NONE',  ( 1.000000000000000000, 0.000000000000000000, 0.000000000000000000 ) ) ;
#249 = DESIGN_CONTEXT ( 'detailed design', #1318, 'design' ) ;
#250 = PLANE ( 'NONE',  #269 ) ;
#251 = VERTEX_POINT ( 'NONE', #435 ) ;
#252 = CC_DESIGN_PERSON_AND_ORGANIZATION_ASSIGNMENT ( #679, #1284, ( #461 ) ) ;
#253 = EDGE_CURVE ( 'NONE', #1341, #643, #1112, .T. ) ;
#254 = CARTESIAN_POINT ( 'NONE',  ( 4160.000000000000909, 60.00000000000000000, -60.00000000000005684 ) ) ;
#255 = ORIENTED_EDGE ( 'NONE', *, *, #463, .F. ) ;
#256 = EDGE_CURVE ( 'NONE', #1376, #1156, #292, .T. ) ;
#257 = FACE_OUTER_BOUND ( 'NONE', #951, .T. ) ;
#258 = CARTESIAN_POINT ( 'NONE',  ( 4160.000000000000909, 0.000000000000000000, -600.0000000000000000 ) ) ;
#259 = LINE ( 'NONE', #882, #344 ) ;
#260 = EDGE_CURVE ( 'NONE', #778, #1194, #201, .T. ) ;
#261 = CARTESIAN_POINT ( 'NONE',  ( 79.99999999999931788, 1140.000000000000000, 80.00000000000000000 ) ) ;
#262 = ORIENTED_EDGE ( 'NONE', *, *, #331, .T. ) ;
#263 = DIRECTION ( 'NONE',  ( 0.000000000000000000, 0.000000000000000000, -1.000000000000000000 ) ) ;
#264 = DIRECTION ( 'NONE',  ( -1.217349807703022609E-16, 1.000000000000000000, -0.000000000000000000 ) ) ;
#265 = DIRECTION ( 'NONE',  ( 0.000000000000000000, 1.000000000000000000, 0.000000000000000000 ) ) ;
#266 = ORIENTED_EDGE ( 'NONE', *, *, #8, .T. ) ;
#267 = AXIS2_PLACEMENT_3D ( 'NONE', #846, #969, #1328 ) ;
#268 = VECTOR ( 'NONE', #1450, 1000.000000000000000 ) ;
#269 = AXIS2_PLACEMENT_3D ( 'NONE', #604, #34, #77 ) ;
#270 = COORDINATED_UNIVERSAL_TIME_OFFSET ( 1, 0, .AHEAD. ) ;
#271 = DIRECTION ( 'NONE',  ( 0.000000000000000000, 0.000000000000000000, -1.000000000000000000 ) ) ;
#272 = ORIENTED_EDGE ( 'NONE', *, *, #1419, .F. ) ;
#273 = DIRECTION ( 'NONE',  ( -0.000000000000000000, -1.000000000000000000, -0.000000000000000000 ) ) ;
#274 = DIRECTION ( 'NONE',  ( -1.000000000000000000, -0.000000000000000000, -0.000000000000000000 ) ) ;
#275 = DIRECTION ( 'NONE',  ( -1.000000000000000000, 0.000000000000000000, -0.000000000000000000 ) ) ;
#276 = EDGE_CURVE ( 'NONE', #1432, #1276, #711, .T. ) ;
#277 = ORIENTED_EDGE ( 'NONE', *, *, #153, .T. ) ;
#278 = LINE ( 'NONE', #607, #268 ) ;
#279 = CARTESIAN_POINT ( 'NONE',  ( 0.000000000000000000, 0.000000000000000000, 0.000000000000000000 ) ) ;
#280 = EDGE_LOOP ( 'NONE', ( #494, #453, #1391, #16 ) ) ;
#281 = DIRECTION ( 'NONE',  ( -0.000000000000000000, -0.000000000000000000, -1.000000000000000000 ) ) ;
#282 = APPROVAL ( #574, 'UNSPECIFIED' ) ;
#283 = CYLINDRICAL_SURFACE ( 'NONE', #443, 24.99999999999975131 ) ;
#284 = DIRECTION ( 'NONE',  ( 1.000000000000000000, 0.000000000000000000, 0.000000000000000000 ) ) ;
#285 = EDGE_CURVE ( 'NONE', #966, #939, #938, .T. ) ;
#286 = ORIENTED_EDGE ( 'NONE', *, *, #567, .T. ) ;
#287 = DIRECTION ( 'NONE',  ( -1.000000000000000000, 0.000000000000000000, 0.000000000000000000 ) ) ;
#288 = VERTEX_POINT ( 'NONE', #356 ) ;
#289 = DIRECTION ( 'NONE',  ( 0.000000000000000000, 1.000000000000000000, -1.404822131140460627E-16 ) ) ;
#290 = DIRECTION ( 'NONE',  ( -1.000000000000000000, 0.000000000000000000, 0.000000000000000000 ) ) ;
#291 = EDGE_LOOP ( 'NONE', ( #1354, #1097, #10, #613 ) ) ;
#292 = CIRCLE ( 'NONE', #515, 25.00000000000000355 ) ;
#293 = EDGE_CURVE ( 'NONE', #1050, #213, #1286, .T. ) ;
#294 = AXIS2_PLACEMENT_3D ( 'NONE', #1177, #108, #580 ) ;
#295 = PLANE ( 'NONE',  #1081 ) ;
#296 = ORIENTED_EDGE ( 'NONE', *, *, #1147, .F. ) ;
#297 = AXIS2_PLACEMENT_3D ( 'NONE', #1455, #512, #831 ) ;
#298 = CC_DESIGN_APPROVAL ( #282, ( #692 ) ) ;
#299 = FACE_BOUND ( 'NONE', #220, .T. ) ;
#300 = DIRECTION ( 'NONE',  ( 1.000000000000000000, 0.000000000000000000, 0.000000000000000000 ) ) ;
#301 = EDGE_CURVE ( 'NONE', #425, #247, #233, .T. ) ;
#302 = CARTESIAN_POINT ( 'NONE',  ( 4095.000000000000455, 2220.000000000000000, -200.0000000000000000 ) ) ;
#303 = EDGE_LOOP ( 'NONE', ( #204, #954, #862, #111 ) ) ;
#304 = PLANE ( 'NONE',  #171 ) ;
#305 = DIRECTION ( 'NONE',  ( -0.000000000000000000, 1.000000000000000000, -0.000000000000000000 ) ) ;
#306 = VERTEX_POINT ( 'NONE', #239 ) ;
#307 = DIRECTION ( 'NONE',  ( 0.000000000000000000, 0.7071067811865474617, 0.7071067811865474617 ) ) ;
#308 = ADVANCED_FACE ( 'NONE', ( #469 ), #1063, .F. ) ;
#309 = PLANE ( 'NONE',  #982 ) ;
#310 = ORIENTED_EDGE ( 'NONE', *, *, #260, .T. ) ;
#311 = FACE_OUTER_BOUND ( 'NONE', #1409, .T. ) ;
#312 = LINE ( 'NONE', #1476, #218 ) ;
#313 = EDGE_CURVE ( 'NONE', #790, #30, #208, .T. ) ;
#314 = ORIENTED_EDGE ( 'NONE', *, *, #434, .T. ) ;
#315 = ADVANCED_FACE ( 'NONE', ( #1308, #581 ), #216, .T. ) ;
#316 = DIRECTION ( 'NONE',  ( -0.000000000000000000, -0.000000000000000000, 1.000000000000000000 ) ) ;
#317 = VECTOR ( 'NONE', #1348, 1000.000000000000000 ) ;
#318 = LINE ( 'NONE', #1004, #471 ) ;
#319 = ORIENTED_EDGE ( 'NONE', *, *, #19, .F. ) ;
#320 = AXIS2_PLACEMENT_3D ( 'NONE', #1395, #1280, #210 ) ;
#321 = VECTOR ( 'NONE', #484, 1000.000000000000000 ) ;
#322 = CARTESIAN_POINT ( 'NONE',  ( 40.00000000000000711, 1165.000000000000227, 0.000000000000000000 ) ) ;
#323 = ADVANCED_FACE ( 'NONE', ( #707 ), #681, .F. ) ;
#324 = ORIENTED_EDGE ( 'NONE', *, *, #1024, .T. ) ;
#325 = DIRECTION ( 'NONE',  ( -1.000000000000000000, 0.000000000000000000, 0.000000000000000000 ) ) ;
#326 = VERTEX_POINT ( 'NONE', #822 ) ;
#327 = FACE_OUTER_BOUND ( 'NONE', #376, .T. ) ;
#328 = ORIENTED_EDGE ( 'NONE', *, *, #727, .T. ) ;
#329 = DIRECTION ( 'NONE',  ( 0.000000000000000000, 0.000000000000000000, 1.000000000000000000 ) ) ;
#330 = LINE ( 'NONE', #1278, #1057 ) ;
#331 = EDGE_CURVE ( 'NONE', #1127, #609, #660, .T. ) ;
#332 = ORIENTED_EDGE ( 'NONE', *, *, #413, .T. ) ;
#333 = CARTESIAN_POINT ( 'NONE',  ( 40.00000000000000000, 2220.000000000000000, 0.000000000000000000 ) ) ;
#334 = LINE ( 'NONE', #561, #95 ) ;
#335 = EDGE_LOOP ( 'NONE', ( #731, #81, #1180, #123 ) ) ;
#336 = CARTESIAN_POINT ( 'NONE',  ( 79.99999999999945999, 0.000000000000000000, 80.00000000000000000 ) ) ;
#337 = CARTESIAN_POINT ( 'NONE',  ( 4080.000000000000000, 0.000000000000000000, 80.00000000000000000 ) ) ;
#338 = VERTEX_POINT ( 'NONE', #124 ) ;
#339 = CARTESIAN_POINT ( 'NONE',  ( 79.99999999999998579, 455.1471862576141802, -60.00000000000005684 ) ) ;
#340 = ORIENTED_EDGE ( 'NONE', *, *, #1528, .T. ) ;
#341 = LINE ( 'NONE', #710, #1036 ) ;
#342 = ORIENTED_EDGE ( 'NONE', *, *, #343, .T. ) ;
#343 = EDGE_CURVE ( 'NONE', #1440, #510, #11, .T. ) ;
#344 = VECTOR ( 'NONE', #1504, 1000.000000000000000 ) ;
#345 = PERSON_AND_ORGANIZATION ( #502, #1387 ) ;
#346 = CARTESIAN_POINT ( 'NONE',  ( 79.99999999999945999, 1200.000000000000000, 80.00000000000000000 ) ) ;
#347 = CARTESIAN_POINT ( 'NONE',  ( 0.000000000000000000, 0.000000000000000000, 80.00000000000000000 ) ) ;
#348 = AXIS2_PLACEMENT_3D ( 'NONE', #729, #17, #868 ) ;
#349 = VECTOR ( 'NONE', #1327, 1000.000000000000000 ) ;
#350 = ORIENTED_EDGE ( 'NONE', *, *, #1377, .T. ) ;
#351 = APPROVAL ( #89, 'UNSPECIFIED' ) ;
#352 = EDGE_LOOP ( 'NONE', ( #706, #774, #324, #1320 ) ) ;
#353 = ADVANCED_FACE ( 'NONE', ( #1049 ), #1186, .T. ) ;
#354 = DIRECTION ( 'NONE',  ( 1.000000000000000000, 1.249000902703300861E-16, -0.000000000000000000 ) ) ;
#355 = PERSON_AND_ORGANIZATION ( #502, #1387 ) ;
#356 = CARTESIAN_POINT ( 'NONE',  ( 0.000000000000000000, 60.00000000000000000, 140.0000000000000568 ) ) ;
#357 = ORIENTED_EDGE ( 'NONE', *, *, #589, .F. ) ;
#358 = DIRECTION ( 'NONE',  ( -0.000000000000000000, -0.7071067811865474617, -0.7071067811865474617 ) ) ;
#359 = CARTESIAN_POINT ( 'NONE',  ( 79.99999999999998579, 600.0000000000000000, 80.00000000000000000 ) ) ;
#360 = ORIENTED_EDGE ( 'NONE', *, *, #1381, .T. ) ;
#361 = DIRECTION ( 'NONE',  ( 0.000000000000000000, 0.000000000000000000, -1.000000000000000000 ) ) ;
#362 = PLANE ( 'NONE',  #48 ) ;
#363 = ORIENTED_EDGE ( 'NONE', *, *, #253, .T. ) ;
#364 = EDGE_CURVE ( 'NONE', #326, #1383, #187, .T. ) ;
#365 = LINE ( 'NONE', #1531, #1434 ) ;
#366 = ORIENTED_EDGE ( 'NONE', *, *, #905, .T. ) ;
#367 = LINE ( 'NONE', #391, #317 ) ;
#368 = CARTESIAN_POINT ( 'NONE',  ( 79.99999999999931788, 1140.000000000000000, 80.00000000000000000 ) ) ;
#369 = VECTOR ( 'NONE', #265, 1000.000000000000000 ) ;
#370 = VERTEX_POINT ( 'NONE', #929 ) ;
#371 = VECTOR ( 'NONE', #844, 1000.000000000000000 ) ;
#372 = VECTOR ( 'NONE', #988, 1000.000000000000000 ) ;
#373 = EDGE_CURVE ( 'NONE', #1166, #1181, #330, .T. ) ;
#374 = APPROVAL_ROLE ( '' ) ;
#375 = CARTESIAN_POINT ( 'NONE',  ( 4145.000000000000909, 1165.000000000000227, -200.0000000000000000 ) ) ;
#376 = EDGE_LOOP ( 'NONE', ( #410, #449, #332, #310 ) ) ;
#377 = LINE ( 'NONE', #967, #371 ) ;
#378 = CARTESIAN_POINT ( 'NONE',  ( 0.000000000000000000, 600.0000000000000000, 80.00000000000000000 ) ) ;
#379 = EDGE_LOOP ( 'NONE', ( #1457, #1287, #232, #161 ) ) ;
#380 = EDGE_CURVE ( 'NONE', #945, #506, #1296, .T. ) ;
#381 = FACE_OUTER_BOUND ( 'NONE', #893, .T. ) ;
#382 = ORIENTED_EDGE ( 'NONE', *, *, #1300, .T. ) ;
#383 = CARTESIAN_POINT ( 'NONE',  ( 79.99999999999933209, 2200.000000000000000, 0.000000000000000000 ) ) ;
#384 = ORIENTED_EDGE ( 'NONE', *, *, #877, .F. ) ;
#385 = ORIENTED_EDGE ( 'NONE', *, *, #984, .F. ) ;
#386 = DIRECTION ( 'NONE',  ( -0.000000000000000000, 0.000000000000000000, -1.000000000000000000 ) ) ;
#387 = LINE ( 'NONE', #1221, #1189 ) ;
#388 = DIRECTION ( 'NONE',  ( 0.000000000000000000, 0.000000000000000000, -1.000000000000000000 ) ) ;
#389 = ADVANCED_FACE ( 'NONE', ( #566 ), #1042, .F. ) ;
#390 = ORIENTED_EDGE ( 'NONE', *, *, #1419, .T. ) ;
#391 = CARTESIAN_POINT ( 'NONE',  ( 4095.000000000000455, 2220.000000000000000, -200.0000000000000000 ) ) ;
#392 = DIRECTION ( 'NONE',  ( 0.000000000000000000, -1.000000000000000000, 0.000000000000000000 ) ) ;
#393 = CARTESIAN_POINT ( 'NONE',  ( 0.000000000000000000, 0.000000000000000000, 0.000000000000000000 ) ) ;
#394 = ORIENTED_EDGE ( 'NONE', *, *, #1072, .T. ) ;
#395 = VECTOR ( 'NONE', #90, 1000.000000000000000 ) ;
#396 = AXIS2_PLACEMENT_3D ( 'NONE', #468, #1048, #937 ) ;
#397 = AXIS2_PLACEMENT_3D ( 'NONE', #1403, #1182, #438 ) ;
#398 = FACE_OUTER_BOUND ( 'NONE', #303, .T. ) ;
#399 = EDGE_LOOP ( 'NONE', ( #532, #115, #647 ) ) ;
#400 = PLANE ( 'NONE',  #348 ) ;
#401 = LINE ( 'NONE', #1259, #1162 ) ;
#402 = PLANE ( 'NONE',  #1008 ) ;
#403 = VERTEX_POINT ( 'NONE', #1179 ) ;
#404 = FACE_OUTER_BOUND ( 'NONE', #485, .T. ) ;
#405 = ORIENTED_EDGE ( 'NONE', *, *, #766, .F. ) ;
#406 = DIRECTION ( 'NONE',  ( -0.000000000000000000, -0.000000000000000000, 1.000000000000000000 ) ) ;
#407 = FACE_OUTER_BOUND ( 'NONE', #1448, .T. ) ;
#408 = ORIENTED_EDGE ( 'NONE', *, *, #1107, .F. ) ;
#409 = CARTESIAN_POINT ( 'NONE',  ( 79.99999999999998579, 0.000000000000000000, 80.00000000000000000 ) ) ;
#410 = ORIENTED_EDGE ( 'NONE', *, *, #495, .F. ) ;
#411 = PLANE ( 'NONE',  #786 ) ;
#412 = CARTESIAN_POINT ( 'NONE',  ( 4080.000000000000909, 0.000000000000000000, -600.0000000000000000 ) ) ;
#413 = EDGE_CURVE ( 'NONE', #768, #778, #857, .T. ) ;
#414 = CLOSED_SHELL ( 'NONE', ( #1424, #1134, #826, #703, #733, #1099, #922, #894 ) ) ;
#415 = AXIS2_PLACEMENT_3D ( 'NONE', #593, #933, #825 ) ;
#416 = VECTOR ( 'NONE', #40, 1000.000000000000000 ) ;
#417 = CARTESIAN_POINT ( 'NONE',  ( 15.00000000000024869, 2220.000000000000000, 0.000000000000000000 ) ) ;
#418 = ORIENTED_EDGE ( 'NONE', *, *, #645, .T. ) ;
#419 = LOCAL_TIME ( 22, 34, 56.00000000000000000, #270 ) ;
#420 = LINE ( 'NONE', #69, #372 ) ;
#421 = DIRECTION ( 'NONE',  ( 1.000000000000000000, 0.000000000000000000, 0.000000000000000000 ) ) ;
#422 = EDGE_CURVE ( 'NONE', #1064, #1432, #367, .T. ) ;
#423 = CARTESIAN_POINT ( 'NONE',  ( 64.99999999999975842, 2220.000000000000000, 0.000000000000000000 ) ) ;
#424 = CARTESIAN_POINT ( 'NONE',  ( 79.99999999999998579, 60.00000000000000000, 140.0000000000000568 ) ) ;
#425 = VERTEX_POINT ( 'NONE', #603 ) ;
#426 = EDGE_CURVE ( 'NONE', #1393, #1046, #1085, .T. ) ;
#427 = CARTESIAN_POINT ( 'NONE',  ( 79.99999999999998579, 455.1471862576141802, -60.00000000000005684 ) ) ;
#428 = FACE_OUTER_BOUND ( 'NONE', #206, .T. ) ;
#429 = EDGE_CURVE ( 'NONE', #30, #1334, #748, .T. ) ;
#430 = ORIENTED_EDGE ( 'NONE', *, *, #719, .F. ) ;
#431 = CARTESIAN_POINT ( 'NONE',  ( 4160.000000000000909, 60.00000000000000000, 140.0000000000000568 ) ) ;
#432 = LINE ( 'NONE', #59, #1386 ) ;
#433 = ORIENTED_EDGE ( 'NONE', *, *, #313, .T. ) ;
#434 = EDGE_CURVE ( 'NONE', #939, #688, #486, .T. ) ;
#435 = CARTESIAN_POINT ( 'NONE',  ( 4080.000000000000000, 2200.000000000000000, 80.00000000000000000 ) ) ;
#436 = LINE ( 'NONE', #79, #538 ) ;
#437 = VECTOR ( 'NONE', #1373, 1000.000000000000000 ) ;
#438 = DIRECTION ( 'NONE',  ( -1.000000000000000000, 0.000000000000000000, 0.000000000000000000 ) ) ;
#439 = EDGE_LOOP ( 'NONE', ( #914, #1173 ) ) ;
#440 = AXIS2_PLACEMENT_3D ( 'NONE', #610, #248, #263 ) ;
#441 = EDGE_CURVE ( 'NONE', #571, #1351, #1215, .T. ) ;
#442 = CALENDAR_DATE ( 2026, 2, 5 ) ;
#443 = AXIS2_PLACEMENT_3D ( 'NONE', #1119, #756, #770 ) ;
#444 = LINE ( 'NONE', #762, #437 ) ;
#445 = ORIENTED_EDGE ( 'NONE', *, *, #256, .T. ) ;
#446 = ORIENTED_EDGE ( 'NONE', *, *, #313, .F. ) ;
#447 = LINE ( 'NONE', #197, #661 ) ;
#448 = DIRECTION ( 'NONE',  ( -0.000000000000000000, -0.000000000000000000, 1.000000000000000000 ) ) ;
#449 = ORIENTED_EDGE ( 'NONE', *, *, #775, .F. ) ;
#450 = APPROVAL_DATE_TIME ( #1515, #351 ) ;
#451 = CARTESIAN_POINT ( 'NONE',  ( 4145.000000000000909, 1165.000000000000227, -200.0000000000000000 ) ) ;
#452 = CARTESIAN_POINT ( 'NONE',  ( 0.000000000000000000, 60.00000000000000000, -455.1471862576142939 ) ) ;
#453 = ORIENTED_EDGE ( 'NONE', *, *, #177, .F. ) ;
#454 = ADVANCED_FACE ( 'NONE', ( #1205 ), #1321, .F. ) ;
#455 = DIRECTION ( 'NONE',  ( -0.000000000000000000, -0.000000000000000000, -1.000000000000000000 ) ) ;
#456 = DIRECTION ( 'NONE',  ( -0.000000000000000000, -0.000000000000000000, 1.000000000000000000 ) ) ;
#457 = EDGE_LOOP ( 'NONE', ( #126, #139, #562, #1444 ) ) ;
#458 = APPROVAL_DATE_TIME ( #1183, #282 ) ;
#459 = DIRECTION ( 'NONE',  ( -0.000000000000000000, -0.000000000000000000, 1.000000000000000000 ) ) ;
#460 = DIRECTION ( 'NONE',  ( 1.000000000000000000, 0.000000000000000000, -0.000000000000000000 ) ) ;
#461 = PRODUCT_DEFINITION ( 'UNKNOWN', '', #692, #249 ) ;
#462 = ORIENTED_EDGE ( 'NONE', *, *, #441, .F. ) ;
#463 = EDGE_CURVE ( 'NONE', #1105, #506, #737, .T. ) ;
#464 = ORIENTED_EDGE ( 'NONE', *, *, #600, .T. ) ;
#465 = DIRECTION ( 'NONE',  ( -0.000000000000000000, -0.000000000000000000, 1.000000000000000000 ) ) ;
#466 = VECTOR ( 'NONE', #103, 1000.000000000000000 ) ;
#467 = COORDINATED_UNIVERSAL_TIME_OFFSET ( 1, 0, .AHEAD. ) ;
#468 = CARTESIAN_POINT ( 'NONE',  ( 4120.000000000000909, 2220.000000000000000, -200.0000000000000000 ) ) ;
#469 = FACE_OUTER_BOUND ( 'NONE', #52, .T. ) ;
#470 = VECTOR ( 'NONE', #713, 1000.000000000000000 ) ;
#471 = VECTOR ( 'NONE', #889, 1000.000000000000000 ) ;
#472 = ORIENTED_EDGE ( 'NONE', *, *, #373, .F. ) ;
#473 = CARTESIAN_POINT ( 'NONE',  ( 79.99999999999998579, 0.000000000000000000, 680.0000000000000000 ) ) ;
#474 = LINE ( 'NONE', #359, #1058 ) ;
#475 = EDGE_LOOP ( 'NONE', ( #272, #60, #238, #1249 ) ) ;
#476 = CARTESIAN_POINT ( 'NONE',  ( 79.99999999999931788, 1140.000000000000000, 80.00000000000000000 ) ) ;
#477 = EDGE_CURVE ( 'NONE', #147, #1098, #976, .T. ) ;
#478 = ORIENTED_EDGE ( 'NONE', *, *, #211, .T. ) ;
#479 = CARTESIAN_POINT ( 'NONE',  ( 79.99999999999998579, 60.00000000000000000, -60.00000000000005684 ) ) ;
#480 = ORIENTED_EDGE ( 'NONE', *, *, #1330, .F. ) ;
#481 = CARTESIAN_POINT ( 'NONE',  ( 79.99999999999998579, 0.000000000000000000, 680.0000000000000000 ) ) ;
#482 = CARTESIAN_POINT ( 'NONE',  ( 4080.000000000000909, 60.00000000000000000, 140.0000000000000568 ) ) ;
#483 = ORIENTED_EDGE ( 'NONE', *, *, #82, .F. ) ;
#484 = DIRECTION ( 'NONE',  ( -0.000000000000000000, -1.000000000000000000, 1.404822131140460627E-16 ) ) ;
#485 = EDGE_LOOP ( 'NONE', ( #1198, #569, #170, #948 ) ) ;
#486 = LINE ( 'NONE', #511, #416 ) ;
#487 = EDGE_CURVE ( 'NONE', #743, #213, #156, .T. ) ;
#488 = CARTESIAN_POINT ( 'NONE',  ( 65.00000000000001421, 1165.000000000000227, -200.0000000000000000 ) ) ;
#489 = AXIS2_PLACEMENT_3D ( 'NONE', #1120, #652, #62 ) ;
#490 = FACE_BOUND ( 'NONE', #352, .T. ) ;
#491 = AXIS2_PLACEMENT_3D ( 'NONE', #527, #1001, #1475 ) ;
#492 = CIRCLE ( 'NONE', #716, 25.00000000000000355 ) ;
#493 = DIRECTION ( 'NONE',  ( 1.000000000000000000, 0.000000000000000000, 0.000000000000000000 ) ) ;
#494 = ORIENTED_EDGE ( 'NONE', *, *, #959, .T. ) ;
#495 = EDGE_CURVE ( 'NONE', #1098, #1194, #1439, .T. ) ;
#496 = CARTESIAN_POINT ( 'NONE',  ( 4080.000000000000000, 1140.000000000000000, 80.00000000000000000 ) ) ;
#497 = CARTESIAN_POINT ( 'NONE',  ( 15.00000000000000355, 1165.000000000000227, 0.000000000000000000 ) ) ;
#498 = FACE_BOUND ( 'NONE', #1453, .T. ) ;
#499 = VERTEX_POINT ( 'NONE', #162 ) ;
#500 = EDGE_CURVE ( 'NONE', #306, #945, #505, .T. ) ;
#501 = CARTESIAN_POINT ( 'NONE',  ( 0.000000000000000000, 0.000000000000000000, 80.00000000000000000 ) ) ;
#502 = PERSON ( 'UNSPECIFIED', 'UNSPECIFIED', 'UNSPECIFIED', ('UNSPECIFIED'), ('UNSPECIFIED'), ('UNSPECIFIED') ) ;
#503 = PLANE ( 'NONE',  #836 ) ;
#504 = VERTEX_POINT ( 'NONE', #835 ) ;
#505 = LINE ( 'NONE', #1199, #1459 ) ;
#506 = VERTEX_POINT ( 'NONE', #129 ) ;
#507 = VERTEX_POINT ( 'NONE', #1102 ) ;
#508 = APPROVAL ( #712, 'UNSPECIFIED' ) ;
#509 = DIRECTION ( 'NONE',  ( 0.000000000000000000, -0.7071067811865474617, 0.7071067811865474617 ) ) ;
#510 = VERTEX_POINT ( 'NONE', #654 ) ;
#511 = CARTESIAN_POINT ( 'NONE',  ( 4160.000000000000909, 60.00000000000000000, 140.0000000000000568 ) ) ;
#512 = DIRECTION ( 'NONE',  ( 0.000000000000000000, 0.000000000000000000, -1.000000000000000000 ) ) ;
#513 = FACE_OUTER_BOUND ( 'NONE', #335, .T. ) ;
#514 = EDGE_LOOP ( 'NONE', ( #384, #1234, #445, #195 ) ) ;
#515 = AXIS2_PLACEMENT_3D ( 'NONE', #322, #1271, #179 ) ;
#516 = VECTOR ( 'NONE', #804, 1000.000000000000000 ) ;
#517 = AXIS2_PLACEMENT_3D ( 'NONE', #1511, #448, #222 ) ;
#518 = CARTESIAN_POINT ( 'NONE',  ( 4160.000000000000909, 60.00000000000000000, 535.1471862576142939 ) ) ;
#519 = VERTEX_POINT ( 'NONE', #1075 ) ;
#520 = FACE_OUTER_BOUND ( 'NONE', #4, .T. ) ;
#521 = DIRECTION ( 'NONE',  ( 1.000000000000000000, 0.000000000000000000, 0.000000000000000000 ) ) ;
#522 = ORIENTED_EDGE ( 'NONE', *, *, #422, .F. ) ;
#523 = PRODUCT_DEFINITION_SHAPE ( 'NONE', 'NONE',  #461 ) ;
#524 = DIRECTION ( 'NONE',  ( 0.000000000000000000, -1.404822131140460627E-16, -1.000000000000000000 ) ) ;
#525 = ADVANCED_FACE ( 'NONE', ( #257 ), #400, .T. ) ;
#526 = VERTEX_POINT ( 'NONE', #135 ) ;
#527 = CARTESIAN_POINT ( 'NONE',  ( 4120.000000000000000, 1165.000000000000227, -200.0000000000000000 ) ) ;
#528 = LINE ( 'NONE', #892, #586 ) ;
#529 = ORIENTED_EDGE ( 'NONE', *, *, #854, .T. ) ;
#530 = EDGE_CURVE ( 'NONE', #1226, #134, #1128, .T. ) ;
#531 = CARTESIAN_POINT ( 'NONE',  ( 79.99999999999998579, 600.0000000000000000, 0.000000000000000000 ) ) ;
#532 = ORIENTED_EDGE ( 'NONE', *, *, #500, .T. ) ;
#533 = DIRECTION ( 'NONE',  ( 0.000000000000000000, 0.7071067811865474617, 0.7071067811865474617 ) ) ;
#534 = FACE_OUTER_BOUND ( 'NONE', #732, .T. ) ;
#535 = EDGE_CURVE ( 'NONE', #599, #634, #1429, .T. ) ;
#536 = VECTOR ( 'NONE', #1031, 1000.000000000000000 ) ;
#537 = VECTOR ( 'NONE', #1501, 1000.000000000000000 ) ;
#538 = VECTOR ( 'NONE', #553, 1000.000000000000000 ) ;
#539 = CARTESIAN_POINT ( 'NONE',  ( 79.99999999999998579, 600.0000000000000000, 80.00000000000000000 ) ) ;
#540 = AXIS2_PLACEMENT_3D ( 'NONE', #548, #649, #1496 ) ;
#541 = CARTESIAN_POINT ( 'NONE',  ( 4080.000000000000909, 600.0000000000000000, 0.000000000000000000 ) ) ;
#542 = ORIENTED_EDGE ( 'NONE', *, *, #1337, .T. ) ;
#543 = DIRECTION ( 'NONE',  ( -0.000000000000000000, 1.000000000000000000, -0.000000000000000000 ) ) ;
#544 = FACE_OUTER_BOUND ( 'NONE', #630, .T. ) ;
#545 = ORIENTED_EDGE ( 'NONE', *, *, #582, .T. ) ;
#546 = LINE ( 'NONE', #807, #907 ) ;
#547 = EDGE_CURVE ( 'NONE', #1218, #890, #377, .T. ) ;
#548 = CARTESIAN_POINT ( 'NONE',  ( 4120.000000000000000, 1165.000000000000227, -200.0000000000000000 ) ) ;
#549 = ORIENTED_EDGE ( 'NONE', *, *, #1300, .F. ) ;
#550 = CARTESIAN_POINT ( 'NONE',  ( 0.000000000000000000, 0.000000000000000000, 80.00000000000000000 ) ) ;
#551 = LINE ( 'NONE', #84, #1210 ) ;
#552 = CC_DESIGN_PERSON_AND_ORGANIZATION_ASSIGNMENT ( #579, #200, ( #998 ) ) ;
#553 = DIRECTION ( 'NONE',  ( 1.000000000000000000, 0.000000000000000000, 0.000000000000000000 ) ) ;
#554 = EDGE_CURVE ( 'NONE', #1046, #1226, #1445, .T. ) ;
#555 = DIRECTION ( 'NONE',  ( 0.000000000000000000, 0.000000000000000000, -1.000000000000000000 ) ) ;
#556 = ORIENTED_EDGE ( 'NONE', *, *, #632, .F. ) ;
#557 = PLANE ( 'NONE',  #1111 ) ;
#558 = CARTESIAN_POINT ( 'NONE',  ( 4160.000000000000909, 0.000000000000000000, 680.0000000000000000 ) ) ;
#559 = FACE_BOUND ( 'NONE', #399, .T. ) ;
#560 = AXIS2_PLACEMENT_3D ( 'NONE', #225, #1517, #590 ) ;
#561 = CARTESIAN_POINT ( 'NONE',  ( 4080.000000000000909, 60.00000000000000000, -455.1471862576142939 ) ) ;
#562 = ORIENTED_EDGE ( 'NONE', *, *, #547, .F. ) ;
#563 = VECTOR ( 'NONE', #683, 1000.000000000000000 ) ;
#564 =( LENGTH_UNIT ( ) NAMED_UNIT ( * ) SI_UNIT ( .MILLI., .METRE. ) );
#565 = CARTESIAN_POINT ( 'NONE',  ( 40.00000000000000711, 1165.000000000000227, -200.0000000000000000 ) ) ;
#566 = FACE_OUTER_BOUND ( 'NONE', #457, .T. ) ;
#567 = EDGE_CURVE ( 'NONE', #828, #900, #1332, .T. ) ;
#568 =( GEOMETRIC_REPRESENTATION_CONTEXT ( 3 ) GLOBAL_UNCERTAINTY_ASSIGNED_CONTEXT ( ( #136 ) ) GLOBAL_UNIT_ASSIGNED_CONTEXT ( ( #564, #672, #1277 ) ) REPRESENTATION_CONTEXT ( 'NONE', 'WORKASPACE' ) );
#569 = ORIENTED_EDGE ( 'NONE', *, *, #1118, .F. ) ;
#570 = CARTESIAN_POINT ( 'NONE',  ( 4080.000000000000909, 60.00000000000000000, 140.0000000000000568 ) ) ;
#571 = VERTEX_POINT ( 'NONE', #924 ) ;
#572 = DIRECTION ( 'NONE',  ( 1.000000000000000000, 0.000000000000000000, 0.000000000000000000 ) ) ;
#573 = ORIENTED_EDGE ( 'NONE', *, *, #1337, .F. ) ;
#574 = APPROVAL_STATUS ( 'not_yet_approved' ) ;
#575 = DIRECTION ( 'NONE',  ( -0.000000000000000000, -0.000000000000000000, 1.000000000000000000 ) ) ;
#576 = CARTESIAN_POINT ( 'NONE',  ( 79.99999999999945999, 1200.000000000000000, 80.00000000000000000 ) ) ;
#577 = EDGE_LOOP ( 'NONE', ( #781, #1079, #911, #1404 ) ) ;
#578 = LINE ( 'NONE', #792, #1288 ) ;
#579 = PERSON_AND_ORGANIZATION ( #502, #1387 ) ;
#580 = DIRECTION ( 'NONE',  ( 0.000000000000000000, 0.000000000000000000, -1.000000000000000000 ) ) ;
#581 = FACE_OUTER_BOUND ( 'NONE', #994, .T. ) ;
#582 = EDGE_CURVE ( 'NONE', #506, #288, #1290, .T. ) ;
#583 = VERTEX_POINT ( 'NONE', #895 ) ;
#584 = ADVANCED_FACE ( 'NONE', ( #1021 ), #1266, .F. ) ;
#585 = DIRECTION ( 'NONE',  ( -0.000000000000000000, -0.000000000000000000, -1.000000000000000000 ) ) ;
#586 = VECTOR ( 'NONE', #1379, 1000.000000000000000 ) ;
#587 = DIRECTION ( 'NONE',  ( -0.000000000000000000, -0.000000000000000000, -1.000000000000000000 ) ) ;
#588 = ORIENTED_EDGE ( 'NONE', *, *, #1178, .F. ) ;
#589 = EDGE_CURVE ( 'NONE', #213, #852, #1488, .T. ) ;
#590 = DIRECTION ( 'NONE',  ( -1.000000000000000000, 0.000000000000000000, -0.000000000000000000 ) ) ;
#591 = VECTOR ( 'NONE', #1224, 1000.000000000000000 ) ;
#592 = EDGE_LOOP ( 'NONE', ( #286, #350, #1293, #863, #806, #277 ) ) ;
#593 = CARTESIAN_POINT ( 'NONE',  ( 79.99999999999998579, 600.0000000000000000, 0.000000000000000000 ) ) ;
#594 = EDGE_CURVE ( 'NONE', #1383, #326, #1289, .T. ) ;
#595 = LINE ( 'NONE', #479, #640 ) ;
#596 = ORIENTED_EDGE ( 'NONE', *, *, #530, .T. ) ;
#597 = CARTESIAN_POINT ( 'NONE',  ( 4120.000000000000909, 2220.000000000000000, 0.000000000000000000 ) ) ;
#598 = CARTESIAN_POINT ( 'NONE',  ( 0.000000000000000000, 2260.000000000000455, 80.00000000000000000 ) ) ;
#599 = VERTEX_POINT ( 'NONE', #1027 ) ;
#600 = EDGE_CURVE ( 'NONE', #1104, #900, #447, .T. ) ;
#601 = LINE ( 'NONE', #279, #1365 ) ;
#602 = VERTEX_POINT ( 'NONE', #64 ) ;
#603 = CARTESIAN_POINT ( 'NONE',  ( 0.000000000000000000, 2260.000000000000455, 0.000000000000000000 ) ) ;
#604 = CARTESIAN_POINT ( 'NONE',  ( 4160.000000000000909, 0.000000000000000000, 80.00000000000000000 ) ) ;
#605 = LINE ( 'NONE', #851, #369 ) ;
#606 = CARTESIAN_POINT ( 'NONE',  ( 4080.000000000000000, 1140.000000000000000, 80.00000000000000000 ) ) ;
#607 = CARTESIAN_POINT ( 'NONE',  ( 0.000000000000000000, 455.1471862576141802, -60.00000000000005684 ) ) ;
#608 = CARTESIAN_POINT ( 'NONE',  ( 4080.000000000000909, 455.1471862576142939, 140.0000000000000000 ) ) ;
#609 = VERTEX_POINT ( 'NONE', #423 ) ;
#610 = CARTESIAN_POINT ( 'NONE',  ( 0.000000000000000000, 0.000000000000000000, 80.00000000000000000 ) ) ;
#611 = PLANE ( 'NONE',  #909 ) ;
#612 = VECTOR ( 'NONE', #148, 1000.000000000000000 ) ;
#613 = ORIENTED_EDGE ( 'NONE', *, *, #1003, .T. ) ;
#614 = EDGE_CURVE ( 'NONE', #526, #504, #989, .T. ) ;
#615 = ORIENTED_EDGE ( 'NONE', *, *, #535, .T. ) ;
#616 = VECTOR ( 'NONE', #791, 1000.000000000000000 ) ;
#617 = DIRECTION ( 'NONE',  ( 0.000000000000000000, -0.000000000000000000, -1.000000000000000000 ) ) ;
#618 = VERTEX_POINT ( 'NONE', #221 ) ;
#619 = DIRECTION ( 'NONE',  ( -0.000000000000000000, 0.7071067811865474617, -0.7071067811865474617 ) ) ;
#620 = FACE_BOUND ( 'NONE', #1438, .T. ) ;
#621 = EDGE_CURVE ( 'NONE', #251, #768, #669, .T. ) ;
#622 = ORIENTED_EDGE ( 'NONE', *, *, #1465, .F. ) ;
#623 = ORIENTED_EDGE ( 'NONE', *, *, #331, .F. ) ;
#624 = LINE ( 'NONE', #981, #1136 ) ;
#625 = DIRECTION ( 'NONE',  ( 0.000000000000000000, 0.000000000000000000, 1.000000000000000000 ) ) ;
#626 = LINE ( 'NONE', #15, #321 ) ;
#627 = ORIENTED_EDGE ( 'NONE', *, *, #554, .F. ) ;
#628 = DIRECTION ( 'NONE',  ( -0.000000000000000000, 0.7071067811865474617, -0.7071067811865474617 ) ) ;
#629 = DIRECTION ( 'NONE',  ( 0.000000000000000000, 0.000000000000000000, -1.000000000000000000 ) ) ;
#630 = EDGE_LOOP ( 'NONE', ( #382, #366, #85 ) ) ;
#631 = EDGE_LOOP ( 'NONE', ( #588, #1225, #1023, #209 ) ) ;
#632 = EDGE_CURVE ( 'NONE', #1440, #926, #1139, .T. ) ;
#633 = DIRECTION ( 'NONE',  ( -0.000000000000000000, 1.000000000000000000, -1.404822131140460627E-16 ) ) ;
#634 = VERTEX_POINT ( 'NONE', #1401 ) ;
#635 = DIRECTION ( 'NONE',  ( -1.000000000000000000, 0.000000000000000000, -0.000000000000000000 ) ) ;
#636 = CARTESIAN_POINT ( 'NONE',  ( 4080.000000000000909, 60.00000000000000000, 535.1471862576142939 ) ) ;
#637 = AXIS2_PLACEMENT_3D ( 'NONE', #261, #169, #1233 ) ;
#638 = EDGE_LOOP ( 'NONE', ( #545, #1418, #1121, #674 ) ) ;
#639 = VECTOR ( 'NONE', #305, 1000.000000000000000 ) ;
#640 = VECTOR ( 'NONE', #459, 1000.000000000000000 ) ;
#641 = AXIS2_PLACEMENT_3D ( 'NONE', #427, #50, #891 ) ;
#642 = CARTESIAN_POINT ( 'NONE',  ( 4080.000000000000000, 2200.000000000000000, 80.00000000000000000 ) ) ;
#643 = VERTEX_POINT ( 'NONE', #339 ) ;
#644 = DIRECTION ( 'NONE',  ( -0.000000000000000000, 0.7071067811865474617, -0.7071067811865476838 ) ) ;
#645 = EDGE_CURVE ( 'NONE', #609, #1127, #1385, .T. ) ;
#646 = LINE ( 'NONE', #1019, #241 ) ;
#647 = ORIENTED_EDGE ( 'NONE', *, *, #1078, .T. ) ;
#648 = EDGE_CURVE ( 'NONE', #1124, #1376, #546, .T. ) ;
#649 = DIRECTION ( 'NONE',  ( -0.000000000000000000, -0.000000000000000000, 1.000000000000000000 ) ) ;
#650 = ORIENTED_EDGE ( 'NONE', *, *, #301, .T. ) ;
#651 = FACE_OUTER_BOUND ( 'NONE', #39, .T. ) ;
#652 = DIRECTION ( 'NONE',  ( 1.000000000000000000, 0.000000000000000000, -0.000000000000000000 ) ) ;
#653 = ORIENTED_EDGE ( 'NONE', *, *, #2, .F. ) ;
#654 = CARTESIAN_POINT ( 'NONE',  ( 79.99999999999998579, 0.000000000000000000, 0.000000000000000000 ) ) ;
#655 = CARTESIAN_POINT ( 'NONE',  ( 4120.000000000000909, 2220.000000000000000, 0.000000000000000000 ) ) ;
#656 = ORIENTED_EDGE ( 'NONE', *, *, #1528, .F. ) ;
#657 = CARTESIAN_POINT ( 'NONE',  ( 4145.000000000000909, 2220.000000000000000, -200.0000000000000000 ) ) ;
#658 = FACE_BOUND ( 'NONE', #856, .T. ) ;
#659 = EDGE_CURVE ( 'NONE', #1226, #1393, #1256, .T. ) ;
#660 = CIRCLE ( 'NONE', #1235, 24.99999999999975131 ) ;
#661 = VECTOR ( 'NONE', #785, 1000.000000000000000 ) ;
#662 = CARTESIAN_POINT ( 'NONE',  ( 0.000000000000000000, 60.00000000000000000, -60.00000000000005684 ) ) ;
#663 = DIRECTION ( 'NONE',  ( 0.000000000000000000, 0.000000000000000000, -1.000000000000000000 ) ) ;
#664 = ORIENTED_EDGE ( 'NONE', *, *, #1357, .T. ) ;
#665 = CYLINDRICAL_SURFACE ( 'NONE', #192, 25.00000000000000711 ) ;
#666 = CARTESIAN_POINT ( 'NONE',  ( 40.00000000000000000, 2220.000000000000000, -200.0000000000000000 ) ) ;
#667 = EDGE_CURVE ( 'NONE', #370, #688, #436, .T. ) ;
#668 = ORIENTED_EDGE ( 'NONE', *, *, #709, .F. ) ;
#669 = LINE ( 'NONE', #1044, #741 ) ;
#670 = CARTESIAN_POINT ( 'NONE',  ( 4080.000000000000909, 455.1471862576142939, -60.00000000000000000 ) ) ;
#671 = ORIENTED_EDGE ( 'NONE', *, *, #1381, .F. ) ;
#672 =( NAMED_UNIT ( * ) PLANE_ANGLE_UNIT ( ) SI_UNIT ( $, .RADIAN. ) );
#673 = PLANE ( 'NONE',  #489 ) ;
#674 = ORIENTED_EDGE ( 'NONE', *, *, #380, .T. ) ;
#675 = CARTESIAN_POINT ( 'NONE',  ( 4120.000000000000000, 1165.000000000000227, -200.0000000000000000 ) ) ;
#676 = ORIENTED_EDGE ( 'NONE', *, *, #803, .T. ) ;
#677 = LINE ( 'NONE', #212, #813 ) ;
#678 = ORIENTED_EDGE ( 'NONE', *, *, #854, .F. ) ;
#679 = PERSON_AND_ORGANIZATION ( #502, #1387 ) ;
#680 = CARTESIAN_POINT ( 'NONE',  ( 4160.000000000000909, 0.000000000000000000, 680.0000000000000000 ) ) ;
#681 = PLANE ( 'NONE',  #987 ) ;
#682 = ORIENTED_EDGE ( 'NONE', *, *, #1394, .F. ) ;
#683 = DIRECTION ( 'NONE',  ( -0.000000000000000000, -1.000000000000000000, 1.404822131140460627E-16 ) ) ;
#684 = CC_DESIGN_PERSON_AND_ORGANIZATION_ASSIGNMENT ( #1053, #1530, ( #887 ) ) ;
#685 = EDGE_CURVE ( 'NONE', #1104, #618, #1015, .T. ) ;
#686 = AXIS2_PLACEMENT_3D ( 'NONE', #412, #1151, #1238 ) ;
#687 = LINE ( 'NONE', #105, #864 ) ;
#688 = VERTEX_POINT ( 'NONE', #431 ) ;
#689 = VECTOR ( 'NONE', #274, 1000.000000000000000 ) ;
#690 = VECTOR ( 'NONE', #455, 1000.000000000000000 ) ;
#691 = CARTESIAN_POINT ( 'NONE',  ( 79.99999999999998579, 60.00000000000000000, 535.1471862576142939 ) ) ;
#692 = PRODUCT_DEFINITION_FORMATION_WITH_SPECIFIED_SOURCE ( 'ANY', '', #998, .NOT_KNOWN. ) ;
#693 = DIRECTION ( 'NONE',  ( 0.000000000000000000, 0.7071067811865474617, 0.7071067811865474617 ) ) ;
#694 = EDGE_LOOP ( 'NONE', ( #573, #1113, #1017, #874 ) ) ;
#695 = DIRECTION ( 'NONE',  ( -0.000000000000000000, -0.000000000000000000, 1.000000000000000000 ) ) ;
#696 = CYLINDRICAL_SURFACE ( 'NONE', #1114, 24.99999999999975131 ) ;
#697 = EDGE_CURVE ( 'NONE', #975, #13, #1034, .T. ) ;
#698 = APPLICATION_PROTOCOL_DEFINITION ( 'international standard', 'config_control_design', 1994, #1318 ) ;
#699 = FACE_OUTER_BOUND ( 'NONE', #88, .T. ) ;
#700 = DIRECTION ( 'NONE',  ( 0.000000000000000000, 1.000000000000000000, 0.000000000000000000 ) ) ;
#701 = ORIENTED_EDGE ( 'NONE', *, *, #1088, .F. ) ;
#702 = EDGE_CURVE ( 'NONE', #338, #966, #901, .T. ) ;
#703 = ADVANCED_FACE ( 'NONE', ( #559, #1509 ), #916, .F. ) ;
#704 = LINE ( 'NONE', #87, #1013 ) ;
#705 = LINE ( 'NONE', #1301, #168 ) ;
#706 = ORIENTED_EDGE ( 'NONE', *, *, #477, .T. ) ;
#707 = FACE_OUTER_BOUND ( 'NONE', #1428, .T. ) ;
#708 = EDGE_LOOP ( 'NONE', ( #314, #97, #44, #1062 ) ) ;
#709 = EDGE_CURVE ( 'NONE', #1486, #1104, #946, .T. ) ;
#710 = CARTESIAN_POINT ( 'NONE',  ( 65.00000000000001421, 1165.000000000000227, -200.0000000000000000 ) ) ;
#711 = CIRCLE ( 'NONE', #1336, 25.00000000000035527 ) ;
#712 = APPROVAL_STATUS ( 'not_yet_approved' ) ;
#713 = DIRECTION ( 'NONE',  ( -1.000000000000000000, 0.000000000000000000, 0.000000000000000000 ) ) ;
#714 = ORIENTED_EDGE ( 'NONE', *, *, #888, .T. ) ;
#715 = CARTESIAN_POINT ( 'NONE',  ( 4120.000000000000000, 1165.000000000000227, 0.000000000000000000 ) ) ;
#716 = AXIS2_PLACEMENT_3D ( 'NONE', #565, #1524, #1427 ) ;
#717 = CIRCLE ( 'NONE', #297, 25.00000000000035527 ) ;
#718 = VERTEX_POINT ( 'NONE', #501 ) ;
#719 = EDGE_CURVE ( 'NONE', #852, #1050, #278, .T. ) ;
#720 = DIRECTION ( 'NONE',  ( 0.000000000000000000, -1.000000000000000000, 0.000000000000000000 ) ) ;
#721 = ORIENTED_EDGE ( 'NONE', *, *, #343, .F. ) ;
#722 = DIRECTION ( 'NONE',  ( 1.249000902703300861E-16, -1.000000000000000000, 0.000000000000000000 ) ) ;
#723 = CARTESIAN_POINT ( 'NONE',  ( 4145.000000000000909, 1165.000000000000227, 0.000000000000000000 ) ) ;
#724 = DIRECTION ( 'NONE',  ( -0.000000000000000000, -0.7071067811865474617, -0.7071067811865474617 ) ) ;
#725 = DIRECTION ( 'NONE',  ( -1.000000000000000000, 0.000000000000000000, 0.000000000000000000 ) ) ;
#726 = CARTESIAN_POINT ( 'NONE',  ( 79.99999999999998579, 60.00000000000000000, -60.00000000000005684 ) ) ;
#727 = EDGE_CURVE ( 'NONE', #1486, #828, #387, .T. ) ;
#728 = ORIENTED_EDGE ( 'NONE', *, *, #1020, .F. ) ;
#729 = CARTESIAN_POINT ( 'NONE',  ( 4080.000000000000000, 2200.000000000000000, 80.00000000000000000 ) ) ;
#730 = CARTESIAN_POINT ( 'NONE',  ( 79.99999999999998579, 600.0000000000000000, 80.00000000000000000 ) ) ;
#731 = ORIENTED_EDGE ( 'NONE', *, *, #973, .T. ) ;
#732 = EDGE_LOOP ( 'NONE', ( #1067, #556, #342, #182 ) ) ;
#733 = ADVANCED_FACE ( 'NONE', ( #1315, #14 ), #23, .T. ) ;
#734 = ADVANCED_FACE ( 'NONE', ( #131, #964, #1442 ), #557, .F. ) ;
#735 = DIRECTION ( 'NONE',  ( 0.000000000000000000, 0.7071067811865475727, 0.7071067811865475727 ) ) ;
#736 = VERTEX_POINT ( 'NONE', #853 ) ;
#737 = LINE ( 'NONE', #755, #1237 ) ;
#738 = VECTOR ( 'NONE', #1068, 1000.000000000000000 ) ;
#739 = DIRECTION ( 'NONE',  ( -0.000000000000000000, -0.000000000000000000, -1.000000000000000000 ) ) ;
#740 = VECTOR ( 'NONE', #1028, 1000.000000000000000 ) ;
#741 = VECTOR ( 'NONE', #1164, 1000.000000000000000 ) ;
#742 = CARTESIAN_POINT ( 'NONE',  ( 79.99999999999998579, 0.000000000000000000, -600.0000000000000000 ) ) ;
#743 = VERTEX_POINT ( 'NONE', #745 ) ;
#744 = VECTOR ( 'NONE', #1022, 1000.000000000000000 ) ;
#745 = CARTESIAN_POINT ( 'NONE',  ( 79.99999999999998579, 60.00000000000000000, -455.1471862576142939 ) ) ;
#746 = CARTESIAN_POINT ( 'NONE',  ( 4080.000000000000000, 1140.000000000000000, 0.000000000000000000 ) ) ;
#747 = ORIENTED_EDGE ( 'NONE', *, *, #429, .T. ) ;
#748 = LINE ( 'NONE', #33, #591 ) ;
#749 = FACE_OUTER_BOUND ( 'NONE', #592, .T. ) ;
#750 = DIRECTION ( 'NONE',  ( 1.000000000000000000, 0.000000000000000000, 0.000000000000000000 ) ) ;
#751 = EDGE_LOOP ( 'NONE', ( #798, #1500 ) ) ;
#752 = EDGE_CURVE ( 'NONE', #793, #1218, #624, .T. ) ;
#753 = PLANE ( 'NONE',  #886 ) ;
#754 = ORIENTED_EDGE ( 'NONE', *, *, #426, .F. ) ;
#755 = CARTESIAN_POINT ( 'NONE',  ( 0.000000000000000000, 455.1471862576142939, 140.0000000000000000 ) ) ;
#756 = DIRECTION ( 'NONE',  ( -0.000000000000000000, -0.000000000000000000, 1.000000000000000000 ) ) ;
#757 = CARTESIAN_POINT ( 'NONE',  ( 4160.000000000000909, 455.1471862576142939, -60.00000000000000000 ) ) ;
#758 = ORIENTED_EDGE ( 'NONE', *, *, #959, .F. ) ;
#759 = FACE_OUTER_BOUND ( 'NONE', #1361, .T. ) ;
#760 = EDGE_LOOP ( 'NONE', ( #433, #55, #1252, #918 ) ) ;
#761 = PLANE ( 'NONE',  #491 ) ;
#762 = CARTESIAN_POINT ( 'NONE',  ( 0.000000000000000000, 60.00000000000000000, 535.1471862576142939 ) ) ;
#763 = ORIENTED_EDGE ( 'NONE', *, *, #159, .T. ) ;
#764 = VECTOR ( 'NONE', #521, 1000.000000000000000 ) ;
#765 = AXIS2_PLACEMENT_3D ( 'NONE', #691, #1169, #271 ) ;
#766 = EDGE_CURVE ( 'NONE', #1223, #1507, #827, .T. ) ;
#767 = CARTESIAN_POINT ( 'NONE',  ( 0.000000000000000000, 60.00000000000000000, 535.1471862576142939 ) ) ;
#768 = VERTEX_POINT ( 'NONE', #928 ) ;
#769 = CC_DESIGN_SECURITY_CLASSIFICATION ( #887, ( #692 ) ) ;
#770 = DIRECTION ( 'NONE',  ( 1.000000000000000000, 0.000000000000000000, 0.000000000000000000 ) ) ;
#771 = DIRECTION ( 'NONE',  ( -0.000000000000000000, -0.7071067811865474617, 0.7071067811865476838 ) ) ;
#772 = ORIENTED_EDGE ( 'NONE', *, *, #149, .T. ) ;
#773 = LINE ( 'NONE', #1129, #141 ) ;
#774 = ORIENTED_EDGE ( 'NONE', *, *, #495, .T. ) ;
#775 = EDGE_CURVE ( 'NONE', #768, #1098, #231, .T. ) ;
#776 = DIRECTION ( 'NONE',  ( 0.000000000000000000, -0.000000000000000000, -1.000000000000000000 ) ) ;
#777 = PLANE ( 'NONE',  #858 ) ;
#778 = VERTEX_POINT ( 'NONE', #346 ) ;
#779 = DIRECTION ( 'NONE',  ( 0.000000000000000000, 0.000000000000000000, -1.000000000000000000 ) ) ;
#780 = DIRECTION ( 'NONE',  ( -0.000000000000000000, -0.000000000000000000, 1.000000000000000000 ) ) ;
#781 = ORIENTED_EDGE ( 'NONE', *, *, #293, .T. ) ;
#782 = CARTESIAN_POINT ( 'NONE',  ( 4080.000000000000909, 455.1471862576142939, 140.0000000000000000 ) ) ;
#783 = CARTESIAN_POINT ( 'NONE',  ( 0.000000000000000000, 0.000000000000000000, 680.0000000000000000 ) ) ;
#784 = VECTOR ( 'NONE', #849, 1000.000000000000000 ) ;
#785 = DIRECTION ( 'NONE',  ( 1.000000000000000000, 0.000000000000000000, 0.000000000000000000 ) ) ;
#786 = AXIS2_PLACEMENT_3D ( 'NONE', #1493, #1006, #184 ) ;
#787 = CARTESIAN_POINT ( 'NONE',  ( 79.99999999999931788, 1140.000000000000000, 0.000000000000000000 ) ) ;
#788 = ORIENTED_EDGE ( 'NONE', *, *, #1106, .F. ) ;
#789 = CARTESIAN_POINT ( 'NONE',  ( 4080.000000000000909, 0.000000000000000000, 680.0000000000000000 ) ) ;
#790 = VERTEX_POINT ( 'NONE', #1306 ) ;
#791 = DIRECTION ( 'NONE',  ( -1.000000000000000000, 0.000000000000000000, 0.000000000000000000 ) ) ;
#792 = CARTESIAN_POINT ( 'NONE',  ( 79.99999999999998579, 600.0000000000000000, 0.000000000000000000 ) ) ;
#793 = VERTEX_POINT ( 'NONE', #1061 ) ;
#794 = LINE ( 'NONE', #1025, #885 ) ;
#795 = DIRECTION ( 'NONE',  ( -1.000000000000000000, 0.000000000000000000, 0.000000000000000000 ) ) ;
#796 = ORIENTED_EDGE ( 'NONE', *, *, #153, .F. ) ;
#797 = EDGE_CURVE ( 'NONE', #736, #288, #224, .T. ) ;
#798 = ORIENTED_EDGE ( 'NONE', *, *, #697, .T. ) ;
#799 = DIRECTION ( 'NONE',  ( 0.000000000000000000, 0.000000000000000000, -1.000000000000000000 ) ) ;
#800 = ORIENTED_EDGE ( 'NONE', *, *, #1272, .T. ) ;
#801 = FACE_OUTER_BOUND ( 'NONE', #577, .T. ) ;
#802 = ORIENTED_EDGE ( 'NONE', *, *, #1088, .T. ) ;
#803 = EDGE_CURVE ( 'NONE', #688, #1310, #705, .T. ) ;
#804 = DIRECTION ( 'NONE',  ( -1.000000000000000000, 0.000000000000000000, 0.000000000000000000 ) ) ;
#805 = DIRECTION ( 'NONE',  ( -0.000000000000000000, -0.000000000000000000, 1.000000000000000000 ) ) ;
#806 = ORIENTED_EDGE ( 'NONE', *, *, #1272, .F. ) ;
#807 = CARTESIAN_POINT ( 'NONE',  ( 15.00000000000000355, 1165.000000000000227, -200.0000000000000000 ) ) ;
#808 = EDGE_CURVE ( 'NONE', #504, #609, #365, .T. ) ;
#809 = CIRCLE ( 'NONE', #1211, 25.00000000000035527 ) ;
#810 = VECTOR ( 'NONE', #750, 1000.000000000000000 ) ;
#811 = CARTESIAN_POINT ( 'NONE',  ( 79.99999999999945999, 1200.000000000000000, 0.000000000000000000 ) ) ;
#812 = EDGE_LOOP ( 'NONE', ( #796, #227, #980, #328 ) ) ;
#813 = VECTOR ( 'NONE', #925, 1000.000000000000000 ) ;
#814 = VECTOR ( 'NONE', #316, 1000.000000000000000 ) ;
#815 = PERSON_AND_ORGANIZATION_ROLE ( 'design_supplier' ) ;
#816 = DIRECTION ( 'NONE',  ( -0.000000000000000000, 1.000000000000000000, -1.404822131140460627E-16 ) ) ;
#817 = DIRECTION ( 'NONE',  ( 0.000000000000000000, -0.000000000000000000, 1.000000000000000000 ) ) ;
#818 = ORIENTED_EDGE ( 'NONE', *, *, #429, .F. ) ;
#819 = DIRECTION ( 'NONE',  ( 1.000000000000000000, 0.000000000000000000, 0.000000000000000000 ) ) ;
#820 = DATE_TIME_ROLE ( 'classification_date' ) ;
#821 = LINE ( 'NONE', #3, #1163 ) ;
#822 = CARTESIAN_POINT ( 'NONE',  ( 4094.999999999999545, 1165.000000000000227, 0.000000000000000000 ) ) ;
#823 = EDGE_CURVE ( 'NONE', #306, #1105, #122, .T. ) ;
#824 = ORIENTED_EDGE ( 'NONE', *, *, #159, .F. ) ;
#825 = DIRECTION ( 'NONE',  ( 1.000000000000000000, 0.000000000000000000, -0.000000000000000000 ) ) ;
#826 = ADVANCED_FACE ( 'NONE', ( #699 ), #942, .T. ) ;
#827 = LINE ( 'NONE', #1415, #1314 ) ;
#828 = VERTEX_POINT ( 'NONE', #680 ) ;
#829 = DIRECTION ( 'NONE',  ( -1.000000000000000000, 0.000000000000000000, 0.000000000000000000 ) ) ;
#830 = EDGE_CURVE ( 'NONE', #599, #583, #1516, .T. ) ;
#831 = DIRECTION ( 'NONE',  ( -1.000000000000000000, 0.000000000000000000, 0.000000000000000000 ) ) ;
#832 = EDGE_LOOP ( 'NONE', ( #1149, #1160, #152 ) ) ;
#833 = CARTESIAN_POINT ( 'NONE',  ( 4080.000000000000000, 1140.000000000000000, 80.00000000000000000 ) ) ;
#834 = EDGE_LOOP ( 'NONE', ( #1426, #1480, #234 ) ) ;
#835 = CARTESIAN_POINT ( 'NONE',  ( 64.99999999999975842, 2220.000000000000000, -200.0000000000000000 ) ) ;
#836 = AXIS2_PLACEMENT_3D ( 'NONE', #953, #1108, #617 ) ;
#837 = CARTESIAN_POINT ( 'NONE',  ( 79.99999999999931788, 1140.000000000000000, 0.000000000000000000 ) ) ;
#838 = VECTOR ( 'NONE', #127, 1000.000000000000000 ) ;
#839 = ORIENTED_EDGE ( 'NONE', *, *, #621, .F. ) ;
#840 = ADVANCED_FACE ( 'NONE', ( #1054 ), #1158, .T. ) ;
#841 = CARTESIAN_POINT ( 'NONE',  ( 0.000000000000000000, 0.000000000000000000, 0.000000000000000000 ) ) ;
#842 = CARTESIAN_POINT ( 'NONE',  ( 40.00000000000000711, 1165.000000000000227, 0.000000000000000000 ) ) ;
#843 = EDGE_LOOP ( 'NONE', ( #542, #151, #390 ) ) ;
#844 = DIRECTION ( 'NONE',  ( 1.000000000000000000, 0.000000000000000000, 0.000000000000000000 ) ) ;
#845 = CARTESIAN_POINT ( 'NONE',  ( 0.000000000000000000, 0.000000000000000000, 80.00000000000000000 ) ) ;
#846 = CARTESIAN_POINT ( 'NONE',  ( 40.00000000000000711, 1165.000000000000227, -200.0000000000000000 ) ) ;
#847 = LINE ( 'NONE', #1083, #193 ) ;
#848 = ORIENTED_EDGE ( 'NONE', *, *, #1107, .T. ) ;
#849 = DIRECTION ( 'NONE',  ( -0.000000000000000000, -0.000000000000000000, 1.000000000000000000 ) ) ;
#850 = CARTESIAN_POINT ( 'NONE',  ( 0.000000000000000000, 0.000000000000000000, 0.000000000000000000 ) ) ;
#851 = CARTESIAN_POINT ( 'NONE',  ( 4160.000000000000909, 0.000000000000000000, 0.000000000000000000 ) ) ;
#852 = VERTEX_POINT ( 'NONE', #114 ) ;
#853 = CARTESIAN_POINT ( 'NONE',  ( 79.99999999999998579, 60.00000000000000000, 140.0000000000000568 ) ) ;
#854 = EDGE_CURVE ( 'NONE', #743, #1341, #595, .T. ) ;
#855 = DIRECTION ( 'NONE',  ( -0.000000000000000000, -0.000000000000000000, 1.000000000000000000 ) ) ;
#856 = EDGE_LOOP ( 'NONE', ( #357, #1029, #430 ) ) ;
#857 = LINE ( 'NONE', #1342, #612 ) ;
#858 = AXIS2_PLACEMENT_3D ( 'NONE', #789, #1007, #194 ) ;
#859 = DIRECTION ( 'NONE',  ( 0.000000000000000000, -0.000000000000000000, -1.000000000000000000 ) ) ;
#860 = VECTOR ( 'NONE', #145, 1000.000000000000000 ) ;
#861 = EDGE_CURVE ( 'NONE', #778, #571, #821, .T. ) ;
#862 = ORIENTED_EDGE ( 'NONE', *, *, #500, .F. ) ;
#863 = ORIENTED_EDGE ( 'NONE', *, *, #1242, .F. ) ;
#864 = VECTOR ( 'NONE', #585, 1000.000000000000000 ) ;
#865 = EDGE_CURVE ( 'NONE', #1393, #58, #474, .T. ) ;
#866 = DIRECTION ( 'NONE',  ( 0.000000000000000000, -1.000000000000000000, -1.580424897533018175E-16 ) ) ;
#867 = ORIENTED_EDGE ( 'NONE', *, *, #166, .F. ) ;
#868 = DIRECTION ( 'NONE',  ( 0.000000000000000000, 0.000000000000000000, 1.000000000000000000 ) ) ;
#869 = FACE_OUTER_BOUND ( 'NONE', #760, .T. ) ;
#870 = LINE ( 'NONE', #1207, #764 ) ;
#871 = EDGE_CURVE ( 'NONE', #1046, #718, #1066, .T. ) ;
#872 = EDGE_LOOP ( 'NONE', ( #549, #1345, #266, #1220 ) ) ;
#873 = CARTESIAN_POINT ( 'NONE',  ( 15.00000000000000355, 1165.000000000000227, -200.0000000000000000 ) ) ;
#874 = ORIENTED_EDGE ( 'NONE', *, *, #871, .T. ) ;
#875 = DIRECTION ( 'NONE',  ( 0.000000000000000000, -1.404822131140460627E-16, -1.000000000000000000 ) ) ;
#876 = CARTESIAN_POINT ( 'NONE',  ( 4080.000000000000909, 455.1471862576142939, -60.00000000000000000 ) ) ;
#877 = EDGE_CURVE ( 'NONE', #1124, #1331, #492, .T. ) ;
#878 = ORIENTED_EDGE ( 'NONE', *, *, #1357, .F. ) ;
#879 = CARTESIAN_POINT ( 'NONE',  ( 0.000000000000000000, 455.1471862576141802, -60.00000000000005684 ) ) ;
#880 = VERTEX_POINT ( 'NONE', #1285 ) ;
#881 = CARTESIAN_POINT ( 'NONE',  ( 4080.000000000000909, 60.00000000000000000, -455.1471862576142939 ) ) ;
#882 = CARTESIAN_POINT ( 'NONE',  ( 79.99999999999945999, 0.000000000000000000, 80.00000000000000000 ) ) ;
#883 = VECTOR ( 'NONE', #902, 1000.000000000000000 ) ;
#884 = AXIS2_PLACEMENT_3D ( 'NONE', #1416, #460, #921 ) ;
#885 = VECTOR ( 'NONE', #1030, 1000.000000000000000 ) ;
#886 = AXIS2_PLACEMENT_3D ( 'NONE', #1073, #45, #866 ) ;
#887 = SECURITY_CLASSIFICATION ( '', '', #223 ) ;
#888 = EDGE_CURVE ( 'NONE', #975, #1383, #1041, .T. ) ;
#889 = DIRECTION ( 'NONE',  ( -0.000000000000000000, -0.000000000000000000, 1.000000000000000000 ) ) ;
#890 = VERTEX_POINT ( 'NONE', #336 ) ;
#891 = DIRECTION ( 'NONE',  ( 0.000000000000000000, -1.000000000000000000, -1.756027663925576400E-17 ) ) ;
#892 = CARTESIAN_POINT ( 'NONE',  ( 79.99999999999998579, 0.000000000000000000, 0.000000000000000000 ) ) ;
#893 = EDGE_LOOP ( 'NONE', ( #1070, #1389, #671, #1397 ) ) ;
#894 = ADVANCED_FACE ( 'NONE', ( #1398 ), #215, .F. ) ;
#895 = CARTESIAN_POINT ( 'NONE',  ( 4080.000000000000000, 1140.000000000000000, 0.000000000000000000 ) ) ;
#896 = CARTESIAN_POINT ( 'NONE',  ( 79.99999999999998579, 600.0000000000000000, 80.00000000000000000 ) ) ;
#897 = ORIENTED_EDGE ( 'NONE', *, *, #1154, .F. ) ;
#898 = CARTESIAN_POINT ( 'NONE',  ( 79.99999999999998579, 0.000000000000000000, 80.00000000000000000 ) ) ;
#899 = LINE ( 'NONE', #1144, #639 ) ;
#900 = VERTEX_POINT ( 'NONE', #993 ) ;
#901 = LINE ( 'NONE', #1153, #932 ) ;
#902 = DIRECTION ( 'NONE',  ( -0.000000000000000000, -0.7071067811865474617, -0.7071067811865475727 ) ) ;
#903 = ORIENTED_EDGE ( 'NONE', *, *, #1312, .F. ) ;
#904 = CARTESIAN_POINT ( 'NONE',  ( 79.99999999999998579, 455.1471862576141802, -60.00000000000005684 ) ) ;
#905 = EDGE_CURVE ( 'NONE', #926, #1223, #601, .T. ) ;
#906 = CIRCLE ( 'NONE', #1505, 24.99999999999975131 ) ;
#907 = VECTOR ( 'NONE', #695, 1000.000000000000000 ) ;
#908 = CARTESIAN_POINT ( 'NONE',  ( 4120.000000000000000, 1165.000000000000227, 0.000000000000000000 ) ) ;
#909 = AXIS2_PLACEMENT_3D ( 'NONE', #12, #1431, #629 ) ;
#910 = PLANE ( 'NONE',  #1086 ) ;
#911 = ORIENTED_EDGE ( 'NONE', *, *, #1072, .F. ) ;
#912 = DIRECTION ( 'NONE',  ( -0.000000000000000000, -1.000000000000000000, -0.000000000000000000 ) ) ;
#913 = ORIENTED_EDGE ( 'NONE', *, *, #434, .F. ) ;
#914 = ORIENTED_EDGE ( 'NONE', *, *, #63, .T. ) ;
#915 = ADVANCED_FACE ( 'NONE', ( #404 ), #503, .T. ) ;
#916 = PLANE ( 'NONE',  #320 ) ;
#917 = DIRECTION ( 'NONE',  ( -1.000000000000000000, 0.000000000000000000, 0.000000000000000000 ) ) ;
#918 = ORIENTED_EDGE ( 'NONE', *, *, #177, .T. ) ;
#919 = CALENDAR_DATE ( 2026, 2, 5 ) ;
#920 = DIRECTION ( 'NONE',  ( -0.000000000000000000, -0.000000000000000000, 1.000000000000000000 ) ) ;
#921 = DIRECTION ( 'NONE',  ( -0.000000000000000000, 0.000000000000000000, -1.000000000000000000 ) ) ;
#922 = ADVANCED_FACE ( 'NONE', ( #398 ), #1093, .F. ) ;
#923 = EDGE_LOOP ( 'NONE', ( #408, #76 ) ) ;
#924 = CARTESIAN_POINT ( 'NONE',  ( 4080.000000000000000, 1200.000000000000000, 80.00000000000000000 ) ) ;
#925 = DIRECTION ( 'NONE',  ( 0.000000000000000000, 1.000000000000000000, 0.000000000000000000 ) ) ;
#926 = VERTEX_POINT ( 'NONE', #1340 ) ;
#927 = PERSON_AND_ORGANIZATION ( #502, #1387 ) ;
#928 = CARTESIAN_POINT ( 'NONE',  ( 79.99999999999933209, 2200.000000000000000, 80.00000000000000000 ) ) ;
#929 = CARTESIAN_POINT ( 'NONE',  ( 4080.000000000000909, 60.00000000000000000, 140.0000000000000568 ) ) ;
#930 = ORIENTED_EDGE ( 'NONE', *, *, #1003, .F. ) ;
#931 = VECTOR ( 'NONE', #300, 1000.000000000000000 ) ;
#932 = VECTOR ( 'NONE', #86, 1000.000000000000114 ) ;
#933 = DIRECTION ( 'NONE',  ( 0.000000000000000000, 0.000000000000000000, 1.000000000000000000 ) ) ;
#934 = ADVANCED_FACE ( 'NONE', ( #1452 ), #753, .F. ) ;
#935 = VECTOR ( 'NONE', #264, 1000.000000000000000 ) ;
#936 = CALENDAR_DATE ( 2026, 2, 5 ) ;
#937 = DIRECTION ( 'NONE',  ( 1.000000000000000000, 0.000000000000000000, 0.000000000000000000 ) ) ;
#938 = LINE ( 'NONE', #944, #1362 ) ;
#939 = VERTEX_POINT ( 'NONE', #518 ) ;
#940 = FACE_OUTER_BOUND ( 'NONE', #631, .T. ) ;
#941 = PERSON_AND_ORGANIZATION ( #502, #1387 ) ;
#942 = PLANE ( 'NONE',  #294 ) ;
#943 = EDGE_LOOP ( 'NONE', ( #1491, #930, #678, #1527 ) ) ;
#944 = CARTESIAN_POINT ( 'NONE',  ( 4080.000000000000909, 60.00000000000000000, 535.1471862576142939 ) ) ;
#945 = VERTEX_POINT ( 'NONE', #1324 ) ;
#946 = LINE ( 'NONE', #972, #860 ) ;
#947 = DIRECTION ( 'NONE',  ( -1.000000000000000000, 0.000000000000000000, 0.000000000000000000 ) ) ;
#948 = ORIENTED_EDGE ( 'NONE', *, *, #775, .T. ) ;
#949 = CARTESIAN_POINT ( 'NONE',  ( 4080.000000000000000, 1200.000000000000000, 80.00000000000000000 ) ) ;
#950 = DIRECTION ( 'NONE',  ( 1.000000000000000000, 0.000000000000000000, 0.000000000000000000 ) ) ;
#951 = EDGE_LOOP ( 'NONE', ( #18, #462, #1303, #1101 ) ) ;
#952 = SHAPE_DEFINITION_REPRESENTATION ( #523, #1267 ) ;
#953 = CARTESIAN_POINT ( 'NONE',  ( 79.99999999999933209, 2200.000000000000000, 80.00000000000000000 ) ) ;
#954 = ORIENTED_EDGE ( 'NONE', *, *, #380, .F. ) ;
#955 = DIRECTION ( 'NONE',  ( 0.000000000000000000, -1.000000000000000000, 0.000000000000000000 ) ) ;
#956 = VECTOR ( 'NONE', #739, 1000.000000000000000 ) ;
#957 = VECTOR ( 'NONE', #26, 1000.000000000000000 ) ;
#958 = CC_DESIGN_DATE_AND_TIME_ASSIGNMENT ( #214, #1168, ( #461 ) ) ;
#959 = EDGE_CURVE ( 'NONE', #1334, #790, #1436, .T. ) ;
#960 = DIRECTION ( 'NONE',  ( 0.000000000000000000, -0.000000000000000000, 1.000000000000000000 ) ) ;
#961 = ORIENTED_EDGE ( 'NONE', *, *, #645, .F. ) ;
#962 = LOCAL_TIME ( 22, 34, 56.00000000000000000, #1503 ) ;
#963 = ORIENTED_EDGE ( 'NONE', *, *, #709, .T. ) ;
#964 = FACE_BOUND ( 'NONE', #834, .T. ) ;
#965 = DIRECTION ( 'NONE',  ( 1.000000000000000000, 0.000000000000000000, 0.000000000000000000 ) ) ;
#966 = VERTEX_POINT ( 'NONE', #1197 ) ;
#967 = CARTESIAN_POINT ( 'NONE',  ( 0.000000000000000000, 0.000000000000000000, 80.00000000000000000 ) ) ;
#968 = LINE ( 'NONE', #258, #21 ) ;
#969 = DIRECTION ( 'NONE',  ( 0.000000000000000000, 0.000000000000000000, -1.000000000000000000 ) ) ;
#970 = ORIENTED_EDGE ( 'NONE', *, *, #422, .T. ) ;
#971 = ADVANCED_FACE ( 'NONE', ( #1227 ), #1213, .T. ) ;
#972 = CARTESIAN_POINT ( 'NONE',  ( 4080.000000000000000, 0.000000000000000000, 80.00000000000000000 ) ) ;
#973 = EDGE_CURVE ( 'NONE', #1310, #939, #146, .T. ) ;
#974 = LINE ( 'NONE', #1319, #1435 ) ;
#975 = VERTEX_POINT ( 'NONE', #375 ) ;
#976 = LINE ( 'NONE', #383, #1484 ) ;
#977 = CARTESIAN_POINT ( 'NONE',  ( 4080.000000000000909, 60.00000000000000000, -60.00000000000005684 ) ) ;
#978 = EDGE_CURVE ( 'NONE', #370, #338, #974, .T. ) ;
#979 = FACE_OUTER_BOUND ( 'NONE', #379, .T. ) ;
#980 = ORIENTED_EDGE ( 'NONE', *, *, #226, .T. ) ;
#981 = CARTESIAN_POINT ( 'NONE',  ( 0.000000000000000000, 0.000000000000000000, 80.00000000000000000 ) ) ;
#982 = AXIS2_PLACEMENT_3D ( 'NONE', #1251, #555, #1479 ) ;
#983 = CARTESIAN_POINT ( 'NONE',  ( 79.99999999999998579, 0.000000000000000000, -600.0000000000000000 ) ) ;
#984 = EDGE_CURVE ( 'NONE', #1156, #1376, #1137, .T. ) ;
#985 = ORIENTED_EDGE ( 'NONE', *, *, #797, .T. ) ;
#986 = DIRECTION ( 'NONE',  ( -1.000000000000000000, -0.000000000000000000, -0.000000000000000000 ) ) ;
#987 = AXIS2_PLACEMENT_3D ( 'NONE', #476, #1399, #1055 ) ;
#988 = DIRECTION ( 'NONE',  ( 0.000000000000000000, 0.000000000000000000, -1.000000000000000000 ) ) ;
#989 = CIRCLE ( 'NONE', #243, 24.99999999999975131 ) ;
#990 = ORIENTED_EDGE ( 'NONE', *, *, #659, .F. ) ;
#991 = ORIENTED_EDGE ( 'NONE', *, *, #8, .F. ) ;
#992 = EDGE_CURVE ( 'NONE', #583, #618, #246, .T. ) ;
#993 = CARTESIAN_POINT ( 'NONE',  ( 4160.000000000000909, 0.000000000000000000, -600.0000000000000000 ) ) ;
#994 = EDGE_LOOP ( 'NONE', ( #991, #1141, #721 ) ) ;
#995 = CARTESIAN_POINT ( 'NONE',  ( 4080.000000000000909, 0.000000000000000000, 680.0000000000000000 ) ) ;
#996 = PLANE ( 'NONE',  #1478 ) ;
#997 = ORIENTED_EDGE ( 'NONE', *, *, #256, .F. ) ;
#998 = PRODUCT ( 'Bag holding structure', 'Bag holding structure', '', ( #207 ) ) ;
#999 = CARTESIAN_POINT ( 'NONE',  ( 4094.999999999999545, 1165.000000000000227, -200.0000000000000000 ) ) ;
#1000 = ORIENTED_EDGE ( 'NONE', *, *, #978, .F. ) ;
#1001 = DIRECTION ( 'NONE',  ( 0.000000000000000000, 0.000000000000000000, -1.000000000000000000 ) ) ;
#1002 = PLANE ( 'NONE',  #686 ) ;
#1003 = EDGE_CURVE ( 'NONE', #1341, #852, #1222, .T. ) ;
#1004 = CARTESIAN_POINT ( 'NONE',  ( 15.00000000000024869, 2220.000000000000000, -200.0000000000000000 ) ) ;
#1005 = EDGE_LOOP ( 'NONE', ( #99, #1231, #714, #1518 ) ) ;
#1006 = DIRECTION ( 'NONE',  ( 0.000000000000000000, 0.000000000000000000, -1.000000000000000000 ) ) ;
#1007 = DIRECTION ( 'NONE',  ( -0.000000000000000000, 0.7071067811865476838, 0.7071067811865474617 ) ) ;
#1009 = EDGE_CURVE ( 'NONE', #945, #736, #626, .T. ) ;
#1008 = AXIS2_PLACEMENT_3D ( 'NONE', #393, #1077, #275 ) ;
#1010 = EDGE_CURVE ( 'NONE', #1181, #1334, #24, .T. ) ;
#1011 = VECTOR ( 'NONE', #188, 1000.000000000000000 ) ;
#1012 = AXIS2_PLACEMENT_3D ( 'NONE', #841, #725, #625 ) ;
#1013 = VECTOR ( 'NONE', #121, 1000.000000000000000 ) ;
#1014 = VECTOR ( 'NONE', #1495, 1000.000000000000000 ) ;
#1015 = LINE ( 'NONE', #1374, #142 ) ;
#1016 = CARTESIAN_POINT ( 'NONE',  ( 79.99999999999998579, 455.1471862576141802, -60.00000000000005684 ) ) ;
#1017 = ORIENTED_EDGE ( 'NONE', *, *, #426, .T. ) ;
#1018 = DIRECTION ( 'NONE',  ( 0.000000000000000000, 0.7071067811865475727, -0.7071067811865475727 ) ) ;
#1019 = CARTESIAN_POINT ( 'NONE',  ( 79.99999999999931788, 1140.000000000000000, 80.00000000000000000 ) ) ;
#1020 = EDGE_CURVE ( 'NONE', #338, #1310, #133, .T. ) ;
#1021 = FACE_OUTER_BOUND ( 'NONE', #708, .T. ) ;
#1022 = DIRECTION ( 'NONE',  ( -0.000000000000000000, -0.000000000000000000, 1.000000000000000000 ) ) ;
#1023 = ORIENTED_EDGE ( 'NONE', *, *, #364, .T. ) ;
#1024 = EDGE_CURVE ( 'NONE', #1194, #1351, #847, .T. ) ;
#1025 = CARTESIAN_POINT ( 'NONE',  ( 0.000000000000000000, 2260.000000000000455, 0.000000000000000000 ) ) ;
#1026 = DIRECTION ( 'NONE',  ( 0.000000000000000000, 0.000000000000000000, -1.000000000000000000 ) ) ;
#1027 = CARTESIAN_POINT ( 'NONE',  ( 4080.000000000000000, 1140.000000000000000, 80.00000000000000000 ) ) ;
#1028 = DIRECTION ( 'NONE',  ( -1.000000000000000000, 0.000000000000000000, 0.000000000000000000 ) ) ;
#1029 = ORIENTED_EDGE ( 'NONE', *, *, #293, .F. ) ;
#1030 = DIRECTION ( 'NONE',  ( -1.000000000000000000, -0.000000000000000000, -0.000000000000000000 ) ) ;
#1031 = DIRECTION ( 'NONE',  ( -0.000000000000000000, -0.7071067811865474617, 0.7071067811865476838 ) ) ;
#1032 = ORIENTED_EDGE ( 'NONE', *, *, #1465, .T. ) ;
#1033 = CLOSED_SHELL ( 'NONE', ( #971, #1202, #92, #315, #132, #1190, #1489, #1359 ) ) ;
#1034 = CIRCLE ( 'NONE', #1535, 25.00000000000035527 ) ;
#1035 = CARTESIAN_POINT ( 'NONE',  ( 4160.000000000000909, 0.000000000000000000, 80.00000000000000000 ) ) ;
#1036 = VECTOR ( 'NONE', #1292, 1000.000000000000000 ) ;
#1037 = LINE ( 'NONE', #1420, #1536 ) ;
#1038 = VERTEX_POINT ( 'NONE', #1443 ) ;
#1039 = ADVANCED_FACE ( 'NONE', ( #381 ), #1329, .F. ) ;
#1040 = CARTESIAN_POINT ( 'NONE',  ( 0.000000000000000000, 0.000000000000000000, 0.000000000000000000 ) ) ;
#1041 = LINE ( 'NONE', #451, #1506 ) ;
#1042 = PLANE ( 'NONE',  #1458 ) ;
#1043 = ORIENTED_EDGE ( 'NONE', *, *, #808, .F. ) ;
#1044 = CARTESIAN_POINT ( 'NONE',  ( 79.99999999999933209, 2200.000000000000000, 80.00000000000000000 ) ) ;
#1045 = DIRECTION ( 'NONE',  ( 0.000000000000000000, 0.7071067811865474617, 0.7071067811865475727 ) ) ;
#1046 = VERTEX_POINT ( 'NONE', #409 ) ;
#1047 = APPROVAL_ROLE ( '' ) ;
#1048 = DIRECTION ( 'NONE',  ( -0.000000000000000000, -0.000000000000000000, 1.000000000000000000 ) ) ;
#1049 = FACE_OUTER_BOUND ( 'NONE', #439, .T. ) ;
#1050 = VERTEX_POINT ( 'NONE', #879 ) ;
#1051 = ADVANCED_FACE ( 'NONE', ( #759 ), #309, .T. ) ;
#1052 = CARTESIAN_POINT ( 'NONE',  ( 79.99999999999931788, 1140.000000000000000, 80.00000000000000000 ) ) ;
#1053 = PERSON_AND_ORGANIZATION ( #502, #1387 ) ;
#1054 = FACE_OUTER_BOUND ( 'NONE', #1185, .T. ) ;
#1055 = DIRECTION ( 'NONE',  ( 0.000000000000000000, -0.000000000000000000, 1.000000000000000000 ) ) ;
#1056 = ORIENTED_EDGE ( 'NONE', *, *, #1106, .T. ) ;
#1057 = VECTOR ( 'NONE', #1159, 1000.000000000000000 ) ;
#1058 = VECTOR ( 'NONE', #1192, 1000.000000000000000 ) ;
#1059 = PLANE ( 'NONE',  #1483 ) ;
#1060 = AXIS2_PLACEMENT_3D ( 'NONE', #1191, #456, #819 ) ;
#1061 = CARTESIAN_POINT ( 'NONE',  ( 0.000000000000000000, 2260.000000000000455, 80.00000000000000000 ) ) ;
#1062 = ORIENTED_EDGE ( 'NONE', *, *, #285, .T. ) ;
#1063 = PLANE ( 'NONE',  #20 ) ;
#1064 = VERTEX_POINT ( 'NONE', #302 ) ;
#1065 = CARTESIAN_POINT ( 'NONE',  ( 79.99999999999933209, 2200.000000000000000, 80.00000000000000000 ) ) ;
#1066 = LINE ( 'NONE', #9, #1263 ) ;
#1067 = ORIENTED_EDGE ( 'NONE', *, *, #905, .F. ) ;
#1068 = DIRECTION ( 'NONE',  ( -0.000000000000000000, -0.7071067811865474617, -0.7071067811865475727 ) ) ;
#1069 = FACE_OUTER_BOUND ( 'NONE', #943, .T. ) ;
#1070 = ORIENTED_EDGE ( 'NONE', *, *, #1394, .T. ) ;
#1071 = PRODUCT_RELATED_PRODUCT_CATEGORY ( 'detail', '', ( #998 ) ) ;
#1072 = EDGE_CURVE ( 'NONE', #643, #743, #1375, .T. ) ;
#1073 = CARTESIAN_POINT ( 'NONE',  ( 4080.000000000000909, 455.1471862576142939, -60.00000000000000000 ) ) ;
#1074 = ORIENTED_EDGE ( 'NONE', *, *, #567, .F. ) ;
#1075 = CARTESIAN_POINT ( 'NONE',  ( 4160.000000000000909, 600.0000000000000000, 80.00000000000000000 ) ) ;
#1076 = LINE ( 'NONE', #850, #71 ) ;
#1077 = DIRECTION ( 'NONE',  ( 0.000000000000000000, 0.000000000000000000, -1.000000000000000000 ) ) ;
#1078 = EDGE_CURVE ( 'NONE', #736, #306, #773, .T. ) ;
#1079 = ORIENTED_EDGE ( 'NONE', *, *, #487, .F. ) ;
#1080 = DIRECTION ( 'NONE',  ( 1.000000000000000000, 0.000000000000000000, 0.000000000000000000 ) ) ;
#1081 = AXIS2_PLACEMENT_3D ( 'NONE', #424, #524, #66 ) ;
#1082 = VECTOR ( 'NONE', #805, 1000.000000000000000 ) ;
#1083 = CARTESIAN_POINT ( 'NONE',  ( 79.99999999999945999, 1200.000000000000000, 0.000000000000000000 ) ) ;
#1084 = ORIENTED_EDGE ( 'NONE', *, *, #413, .F. ) ;
#1085 = LINE ( 'NONE', #1462, #1481 ) ;
#1086 = AXIS2_PLACEMENT_3D ( 'NONE', #1165, #205, #1045 ) ;
#1087 = AXIS2_PLACEMENT_3D ( 'NONE', #908, #779, #1520 ) ;
#1088 = EDGE_CURVE ( 'NONE', #499, #1064, #1262, .T. ) ;
#1089 = APPROVAL_PERSON_ORGANIZATION ( #941, #508, #374 ) ;
#1090 = PLANE ( 'NONE',  #1216 ) ;
#1091 = EDGE_LOOP ( 'NONE', ( #650, #319, #155, #1258 ) ) ;
#1092 = VERTEX_POINT ( 'NONE', #787 ) ;
#1093 = PLANE ( 'NONE',  #93 ) ;
#1094 = EDGE_LOOP ( 'NONE', ( #747, #104, #472, #94 ) ) ;
#1095 = DIRECTION ( 'NONE',  ( -1.000000000000000000, 0.000000000000000000, 0.000000000000000000 ) ) ;
#1096 = FACE_OUTER_BOUND ( 'NONE', #1467, .T. ) ;
#1097 = ORIENTED_EDGE ( 'NONE', *, *, #1122, .F. ) ;
#1098 = VERTEX_POINT ( 'NONE', #1360 ) ;
#1099 = ADVANCED_FACE ( 'NONE', ( #1148 ), #295, .F. ) ;
#1100 = CARTESIAN_POINT ( 'NONE',  ( 4080.000000000000909, 60.00000000000000000, -60.00000000000005684 ) ) ;
#1101 = ORIENTED_EDGE ( 'NONE', *, *, #1118, .T. ) ;
#1102 = CARTESIAN_POINT ( 'NONE',  ( 4160.000000000000909, 2260.000000000000455, 80.00000000000000000 ) ) ;
#1103 = DIRECTION ( 'NONE',  ( -1.217349807703022609E-16, 1.000000000000000000, -0.000000000000000000 ) ) ;
#1104 = VERTEX_POINT ( 'NONE', #1257 ) ;
#1105 = VERTEX_POINT ( 'NONE', #767 ) ;
#1106 = EDGE_CURVE ( 'NONE', #618, #1196, #181, .T. ) ;
#1107 = EDGE_CURVE ( 'NONE', #1276, #1432, #809, .T. ) ;
#1108 = DIRECTION ( 'NONE',  ( 0.000000000000000000, -1.000000000000000000, 0.000000000000000000 ) ) ;
#1109 = ORIENTED_EDGE ( 'NONE', *, *, #830, .T. ) ;
#1110 = CARTESIAN_POINT ( 'NONE',  ( 79.99999999999998579, 0.000000000000000000, -600.0000000000000000 ) ) ;
#1111 = AXIS2_PLACEMENT_3D ( 'NONE', #606, #1209, #386 ) ;
#1112 = LINE ( 'NONE', #904, #1408 ) ;
#1113 = ORIENTED_EDGE ( 'NONE', *, *, #865, .F. ) ;
#1114 = AXIS2_PLACEMENT_3D ( 'NONE', #1155, #465, #572 ) ;
#1115 = AXIS2_PLACEMENT_3D ( 'NONE', #983, #31, #154 ) ;
#1116 = PLANE ( 'NONE',  #1135 ) ;
#1117 = ORIENTED_EDGE ( 'NONE', *, *, #1312, .T. ) ;
#1118 = EDGE_CURVE ( 'NONE', #251, #147, #1244, .T. ) ;
#1119 = CARTESIAN_POINT ( 'NONE',  ( 40.00000000000000000, 2220.000000000000000, -200.0000000000000000 ) ) ;
#1120 = CARTESIAN_POINT ( 'NONE',  ( 0.000000000000000000, 0.000000000000000000, 0.000000000000000000 ) ) ;
#1121 = ORIENTED_EDGE ( 'NONE', *, *, #1009, .F. ) ;
#1122 = EDGE_CURVE ( 'NONE', #643, #1050, #175, .T. ) ;
#1123 = LINE ( 'NONE', #999, #744 ) ;
#1124 = VERTEX_POINT ( 'NONE', #873 ) ;
#1125 = LINE ( 'NONE', #657, #244 ) ;
#1126 = LINE ( 'NONE', #783, #1313 ) ;
#1127 = VERTEX_POINT ( 'NONE', #417 ) ;
#1128 = LINE ( 'NONE', #481, #957 ) ;
#1129 = CARTESIAN_POINT ( 'NONE',  ( 79.99999999999998579, 60.00000000000000000, 535.1471862576142939 ) ) ;
#1130 = EDGE_LOOP ( 'NONE', ( #1402, #1400, #262, #1043 ) ) ;
#1131 = MANIFOLD_SOLID_BREP ( 'Boss.-Extru.4[2]', #1033 ) ;
#1132 = FACE_OUTER_BOUND ( 'NONE', #514, .T. ) ;
#1133 = PLANE ( 'NONE',  #1533 ) ;
#1134 = ADVANCED_FACE ( 'NONE', ( #1382 ), #1116, .T. ) ;
#1135 = AXIS2_PLACEMENT_3D ( 'NONE', #896, #1140, #54 ) ;
#1136 = VECTOR ( 'NONE', #70, 1000.000000000000000 ) ;
#1137 = CIRCLE ( 'NONE', #1317, 25.00000000000000355 ) ;
#1138 = ADVANCED_FACE ( 'NONE', ( #198 ), #75, .T. ) ;
#1139 = LINE ( 'NONE', #1146, #616 ) ;
#1140 = DIRECTION ( 'NONE',  ( 0.000000000000000000, 0.7071067811865476838, 0.7071067811865474617 ) ) ;
#1141 = ORIENTED_EDGE ( 'NONE', *, *, #211, .F. ) ;
#1142 = EDGE_CURVE ( 'NONE', #13, #326, #1123, .T. ) ;
#1143 = DIRECTION ( 'NONE',  ( 1.000000000000000000, 0.000000000000000000, 0.000000000000000000 ) ) ;
#1144 = CARTESIAN_POINT ( 'NONE',  ( 79.99999999999998579, 600.0000000000000000, 0.000000000000000000 ) ) ;
#1145 = ORIENTED_EDGE ( 'NONE', *, *, #1264, .T. ) ;
#1146 = CARTESIAN_POINT ( 'NONE',  ( 79.99999999999998579, 0.000000000000000000, -600.0000000000000000 ) ) ;
#1147 = EDGE_CURVE ( 'NONE', #793, #425, #432, .T. ) ;
#1148 = FACE_OUTER_BOUND ( 'NONE', #638, .T. ) ;
#1149 = ORIENTED_EDGE ( 'NONE', *, *, #1323, .T. ) ;
#1150 = PLANE ( 'NONE',  #1364 ) ;
#1151 = DIRECTION ( 'NONE',  ( 0.000000000000000000, 0.7071067811865475727, -0.7071067811865475727 ) ) ;
#1152 = VERTEX_POINT ( 'NONE', #531 ) ;
#1153 = CARTESIAN_POINT ( 'NONE',  ( 4080.000000000000909, 60.00000000000000000, 535.1471862576142939 ) ) ;
#1154 = EDGE_CURVE ( 'NONE', #526, #1127, #318, .T. ) ;
#1155 = CARTESIAN_POINT ( 'NONE',  ( 40.00000000000000000, 2220.000000000000000, -200.0000000000000000 ) ) ;
#1156 = VERTEX_POINT ( 'NONE', #1370 ) ;
#1157 = COORDINATED_UNIVERSAL_TIME_OFFSET ( 1, 0, .AHEAD. ) ;
#1158 = CYLINDRICAL_SURFACE ( 'NONE', #396, 25.00000000000035527 ) ;
#1159 = DIRECTION ( 'NONE',  ( 0.000000000000000000, -1.000000000000000000, -1.580424897533018175E-16 ) ) ;
#1160 = ORIENTED_EDGE ( 'NONE', *, *, #978, .T. ) ;
#1161 = AXIS2_PLACEMENT_3D ( 'NONE', #138, #1466, #284 ) ;
#1162 = VECTOR ( 'NONE', #543, 1000.000000000000000 ) ;
#1163 = VECTOR ( 'NONE', #237, 1000.000000000000000 ) ;
#1164 = DIRECTION ( 'NONE',  ( -1.000000000000000000, -0.000000000000000000, -0.000000000000000000 ) ) ;
#1165 = CARTESIAN_POINT ( 'NONE',  ( 79.99999999999998579, 60.00000000000000000, -455.1471862576142939 ) ) ;
#1166 = VERTEX_POINT ( 'NONE', #670 ) ;
#1167 = LOCAL_TIME ( 22, 34, 56.00000000000000000, #467 ) ;
#1168 = DATE_TIME_ROLE ( 'creation_date' ) ;
#1169 = DIRECTION ( 'NONE',  ( 0.000000000000000000, -1.000000000000000000, -0.000000000000000000 ) ) ;
#1170 = CARTESIAN_POINT ( 'NONE',  ( 79.99999999999998579, 0.000000000000000000, 0.000000000000000000 ) ) ;
#1171 = ADVANCED_FACE ( 'NONE', ( #98 ), #696, .T. ) ;
#1172 = ORIENTED_EDGE ( 'NONE', *, *, #441, .T. ) ;
#1173 = ORIENTED_EDGE ( 'NONE', *, *, #877, .T. ) ;
#1174 = CARTESIAN_POINT ( 'NONE',  ( 0.000000000000000000, 0.000000000000000000, 0.000000000000000000 ) ) ;
#1175 = CC_DESIGN_PERSON_AND_ORGANIZATION_ASSIGNMENT ( #927, #1405, ( #692 ) ) ;
#1176 = DIRECTION ( 'NONE',  ( 0.000000000000000000, 0.000000000000000000, -1.000000000000000000 ) ) ;
#1177 = CARTESIAN_POINT ( 'NONE',  ( 79.99999999999998579, 0.000000000000000000, 680.0000000000000000 ) ) ;
#1178 = EDGE_CURVE ( 'NONE', #13, #975, #1508, .T. ) ;
#1179 = CARTESIAN_POINT ( 'NONE',  ( 79.99999999999931788, 1140.000000000000000, 80.00000000000000000 ) ) ;
#1180 = ORIENTED_EDGE ( 'NONE', *, *, #702, .F. ) ;
#1181 = VERTEX_POINT ( 'NONE', #229 ) ;
#1182 = DIRECTION ( 'NONE',  ( 0.000000000000000000, 0.000000000000000000, -1.000000000000000000 ) ) ;
#1183 = DATE_AND_TIME ( #1294, #1437 ) ;
#1184 = CARTESIAN_POINT ( 'NONE',  ( 79.99999999999998579, 60.00000000000000000, 535.1471862576142939 ) ) ;
#1185 = EDGE_LOOP ( 'NONE', ( #903, #970, #1371, #622 ) ) ;
#1186 = PLANE ( 'NONE',  #560 ) ;
#1187 = CARTESIAN_POINT ( 'NONE',  ( 4160.000000000000909, 455.1471862576142939, 140.0000000000000000 ) ) ;
#1188 = EDGE_LOOP ( 'NONE', ( #394, #529, #363 ) ) ;
#1189 = VECTOR ( 'NONE', #1080, 1000.000000000000000 ) ;
#1190 = ADVANCED_FACE ( 'NONE', ( #801 ), #910, .F. ) ;
#1191 = CARTESIAN_POINT ( 'NONE',  ( 4120.000000000000000, 1165.000000000000227, -200.0000000000000000 ) ) ;
#1192 = DIRECTION ( 'NONE',  ( -1.000000000000000000, 0.000000000000000000, 0.000000000000000000 ) ) ;
#1193 = AXIS2_PLACEMENT_3D ( 'NONE', #1040, #329, #1270 ) ;
#1194 = VERTEX_POINT ( 'NONE', #811 ) ;
#1195 = DIRECTION ( 'NONE',  ( 0.000000000000000000, 0.000000000000000000, -1.000000000000000000 ) ) ;
#1196 = VERTEX_POINT ( 'NONE', #1390 ) ;
#1197 = CARTESIAN_POINT ( 'NONE',  ( 4080.000000000000909, 60.00000000000000000, 535.1471862576142939 ) ) ;
#1198 = ORIENTED_EDGE ( 'NONE', *, *, #477, .F. ) ;
#1199 = CARTESIAN_POINT ( 'NONE',  ( 79.99999999999998579, 455.1471862576142939, 140.0000000000000000 ) ) ;
#1200 = LINE ( 'NONE', #368, #935 ) ;
#1201 = FACE_BOUND ( 'NONE', #1214, .T. ) ;
#1202 = ADVANCED_FACE ( 'NONE', ( #1413 ), #113, .T. ) ;
#1203 = DIRECTION ( 'NONE',  ( 1.000000000000000000, 0.000000000000000000, 0.000000000000000000 ) ) ;
#1204 = ORIENTED_EDGE ( 'NONE', *, *, #582, .F. ) ;
#1205 = FACE_OUTER_BOUND ( 'NONE', #1091, .T. ) ;
#1206 = FACE_BOUND ( 'NONE', #1255, .T. ) ;
#1207 = CARTESIAN_POINT ( 'NONE',  ( 79.99999999999931788, 1140.000000000000000, 0.000000000000000000 ) ) ;
#1208 = EDGE_LOOP ( 'NONE', ( #754, #990, #627 ) ) ;
#1209 = DIRECTION ( 'NONE',  ( 1.000000000000000000, 0.000000000000000000, -0.000000000000000000 ) ) ;
#1210 = VECTOR ( 'NONE', #57, 1000.000000000000000 ) ;
#1211 = AXIS2_PLACEMENT_3D ( 'NONE', #655, #663, #287 ) ;
#1212 = AXIS2_PLACEMENT_3D ( 'NONE', #570, #203, #96 ) ;
#1213 = PLANE ( 'NONE',  #1115 ) ;
#1214 = EDGE_LOOP ( 'NONE', ( #385, #997 ) ) ;
#1215 = LINE ( 'NONE', #949, #1338 ) ;
#1216 = AXIS2_PLACEMENT_3D ( 'NONE', #28, #1333, #960 ) ;
#1217 = LINE ( 'NONE', #837, #1411 ) ;
#1218 = VERTEX_POINT ( 'NONE', #1275 ) ;
#1219 = ADVANCED_FACE ( 'NONE', ( #1 ), #1521, .T. ) ;
#1220 = ORIENTED_EDGE ( 'NONE', *, *, #632, .T. ) ;
#1221 = CARTESIAN_POINT ( 'NONE',  ( 4080.000000000000909, 0.000000000000000000, 680.0000000000000000 ) ) ;
#1222 = LINE ( 'NONE', #726, #838 ) ;
#1223 = VERTEX_POINT ( 'NONE', #1174 ) ;
#1224 = DIRECTION ( 'NONE',  ( 0.000000000000000000, -1.000000000000000000, -1.580424897533018175E-16 ) ) ;
#1225 = ORIENTED_EDGE ( 'NONE', *, *, #1142, .T. ) ;
#1226 = VERTEX_POINT ( 'NONE', #473 ) ;
#1227 = FACE_OUTER_BOUND ( 'NONE', #872, .T. ) ;
#1228 = ORIENTED_EDGE ( 'NONE', *, *, #547, .T. ) ;
#1229 = CARTESIAN_POINT ( 'NONE',  ( 79.99999999999998579, 60.00000000000000000, -455.1471862576142939 ) ) ;
#1230 = PLANE ( 'NONE',  #641 ) ;
#1231 = ORIENTED_EDGE ( 'NONE', *, *, #697, .F. ) ;
#1232 = ORIENTED_EDGE ( 'NONE', *, *, #535, .F. ) ;
#1233 = DIRECTION ( 'NONE',  ( 1.217349807703022609E-16, -1.000000000000000000, 0.000000000000000000 ) ) ;
#1234 = ORIENTED_EDGE ( 'NONE', *, *, #648, .T. ) ;
#1235 = AXIS2_PLACEMENT_3D ( 'NONE', #1423, #361, #829 ) ;
#1236 = PLANE ( 'NONE',  #1316 ) ;
#1237 = VECTOR ( 'NONE', #619, 1000.000000000000114 ) ;
#1238 = DIRECTION ( 'NONE',  ( 0.000000000000000000, 0.7071067811865474617, 0.7071067811865474617 ) ) ;
#1239 = EDGE_LOOP ( 'NONE', ( #1422, #1325, #668, #202, #1232, #1109 ) ) ;
#1240 = AXIS2_PLACEMENT_3D ( 'NONE', #782, #875, #289 ) ;
#1241 = APPROVAL_PERSON_ORGANIZATION ( #355, #351, #83 ) ;
#1242 = EDGE_CURVE ( 'NONE', #507, #880, #687, .T. ) ;
#1243 = EDGE_CURVE ( 'NONE', #1152, #1507, #578, .T. ) ;
#1244 = LINE ( 'NONE', #642, #537 ) ;
#1245 = ORIENTED_EDGE ( 'NONE', *, *, #861, .T. ) ;
#1246 = CARTESIAN_POINT ( 'NONE',  ( 0.000000000000000000, 600.0000000000000000, 80.00000000000000000 ) ) ;
#1247 = ADVANCED_FACE ( 'NONE', ( #327 ), #1059, .T. ) ;
#1248 = DIRECTION ( 'NONE',  ( -0.000000000000000000, 1.000000000000000000, 1.756027663925576400E-17 ) ) ;
#1249 = ORIENTED_EDGE ( 'NONE', *, *, #865, .T. ) ;
#1250 = ADVANCED_FACE ( 'NONE', ( #940 ), #1396, .T. ) ;
#1251 = CARTESIAN_POINT ( 'NONE',  ( 4120.000000000000909, 2220.000000000000000, -200.0000000000000000 ) ) ;
#1252 = ORIENTED_EDGE ( 'NONE', *, *, #1291, .F. ) ;
#1253 = PLANE ( 'NONE',  #1240 ) ;
#1254 = CARTESIAN_POINT ( 'NONE',  ( 0.000000000000000000, 0.000000000000000000, 680.0000000000000000 ) ) ;
#1255 = EDGE_LOOP ( 'NONE', ( #446, #758, #818 ) ) ;
#1256 = LINE ( 'NONE', #539, #1014 ) ;
#1257 = CARTESIAN_POINT ( 'NONE',  ( 4080.000000000000909, 0.000000000000000000, -600.0000000000000000 ) ) ;
#1258 = ORIENTED_EDGE ( 'NONE', *, *, #1147, .T. ) ;
#1259 = CARTESIAN_POINT ( 'NONE',  ( 4080.000000000000000, 2200.000000000000000, 0.000000000000000000 ) ) ;
#1260 = CARTESIAN_POINT ( 'NONE',  ( 79.99999999999998579, 0.000000000000000000, 0.000000000000000000 ) ) ;
#1261 = CIRCLE ( 'NONE', #267, 25.00000000000000355 ) ;
#1262 = CIRCLE ( 'NONE', #217, 25.00000000000035527 ) ;
#1263 = VECTOR ( 'NONE', #947, 1000.000000000000000 ) ;
#1264 = EDGE_CURVE ( 'NONE', #403, #1092, #235, .T. ) ;
#1265 = VECTOR ( 'NONE', #644, 1000.000000000000000 ) ;
#1266 = PLANE ( 'NONE',  #1212 ) ;
#1267 = ADVANCED_BREP_SHAPE_REPRESENTATION ( 'Bag holding structure', ( #106, #110, #1131, #1193 ), #568 ) ;
#1268 = DIRECTION ( 'NONE',  ( 0.000000000000000000, 0.000000000000000000, -1.000000000000000000 ) ) ;
#1269 = ORIENTED_EDGE ( 'NONE', *, *, #823, .F. ) ;
#1270 = DIRECTION ( 'NONE',  ( 1.000000000000000000, 0.000000000000000000, 0.000000000000000000 ) ) ;
#1271 = DIRECTION ( 'NONE',  ( 0.000000000000000000, 0.000000000000000000, -1.000000000000000000 ) ) ;
#1272 = EDGE_CURVE ( 'NONE', #519, #507, #677, .T. ) ;
#1273 = EDGE_LOOP ( 'NONE', ( #199, #1322 ) ) ;
#1274 = DIRECTION ( 'NONE',  ( 0.000000000000000000, 0.000000000000000000, -1.000000000000000000 ) ) ;
#1275 = CARTESIAN_POINT ( 'NONE',  ( 0.000000000000000000, 0.000000000000000000, 80.00000000000000000 ) ) ;
#1276 = VERTEX_POINT ( 'NONE', #1529 ) ;
#1277 =( NAMED_UNIT ( * ) SI_UNIT ( $, .STERADIAN. ) SOLID_ANGLE_UNIT ( ) );
#1278 = CARTESIAN_POINT ( 'NONE',  ( 4080.000000000000909, 455.1471862576142939, -60.00000000000000000 ) ) ;
#1279 = EDGE_LOOP ( 'NONE', ( #1461, #1269, #1358, #985 ) ) ;
#1280 = DIRECTION ( 'NONE',  ( -1.000000000000000000, 0.000000000000000000, 0.000000000000000000 ) ) ;
#1281 = DIRECTION ( 'NONE',  ( 0.000000000000000000, 0.7071067811865474617, 0.7071067811865474617 ) ) ;
#1282 = ORIENTED_EDGE ( 'NONE', *, *, #752, .T. ) ;
#1283 = EDGE_CURVE ( 'NONE', #634, #519, #704, .T. ) ;
#1284 = PERSON_AND_ORGANIZATION_ROLE ( 'creator' ) ;
#1285 = CARTESIAN_POINT ( 'NONE',  ( 4160.000000000000909, 2260.000000000000455, 0.000000000000000000 ) ) ;
#1286 = LINE ( 'NONE', #452, #738 ) ;
#1287 = ORIENTED_EDGE ( 'NONE', *, *, #63, .F. ) ;
#1288 = VECTOR ( 'NONE', #917, 1000.000000000000000 ) ;
#1289 = CIRCLE ( 'NONE', #1087, 25.00000000000035527 ) ;
#1290 = LINE ( 'NONE', #1388, #563 ) ;
#1291 = EDGE_CURVE ( 'NONE', #602, #1166, #334, .T. ) ;
#1292 = DIRECTION ( 'NONE',  ( -0.000000000000000000, -0.000000000000000000, 1.000000000000000000 ) ) ;
#1293 = ORIENTED_EDGE ( 'NONE', *, *, #37, .T. ) ;
#1294 = CALENDAR_DATE ( 2026, 2, 5 ) ;
#1295 = CARTESIAN_POINT ( 'NONE',  ( 79.99999999999998579, 60.00000000000000000, 140.0000000000000568 ) ) ;
#1296 = LINE ( 'NONE', #1407, #395 ) ;
#1297 = EDGE_LOOP ( 'NONE', ( #615, #1298, #800, #664, #1282, #1228, #360, #763 ) ) ;
#1298 = ORIENTED_EDGE ( 'NONE', *, *, #1283, .T. ) ;
#1299 = DIRECTION ( 'NONE',  ( -0.000000000000000000, -0.000000000000000000, -1.000000000000000000 ) ) ;
#1300 = EDGE_CURVE ( 'NONE', #1507, #926, #1037, .T. ) ;
#1301 = CARTESIAN_POINT ( 'NONE',  ( 4160.000000000000909, 455.1471862576142939, 140.0000000000000000 ) ) ;
#1302 = DIRECTION ( 'NONE',  ( 1.000000000000000000, 0.000000000000000000, 0.000000000000000000 ) ) ;
#1303 = ORIENTED_EDGE ( 'NONE', *, *, #112, .T. ) ;
#1304 = EDGE_CURVE ( 'NONE', #1331, #1156, #341, .T. ) ;
#1305 = DIRECTION ( 'NONE',  ( -1.249000902703300861E-16, 1.000000000000000000, 0.000000000000000000 ) ) ;
#1306 = CARTESIAN_POINT ( 'NONE',  ( 4160.000000000000909, 60.00000000000000000, -455.1471862576142939 ) ) ;
#1307 = ORIENTED_EDGE ( 'NONE', *, *, #861, .F. ) ;
#1308 = FACE_BOUND ( 'NONE', #1188, .T. ) ;
#1309 = CARTESIAN_POINT ( 'NONE',  ( 79.99999999999998579, 60.00000000000000000, -60.00000000000005684 ) ) ;
#1310 = VERTEX_POINT ( 'NONE', #1187 ) ;
#1311 = VECTOR ( 'NONE', #720, 1000.000000000000000 ) ;
#1312 = EDGE_CURVE ( 'NONE', #1064, #499, #717, .T. ) ;
#1313 = VECTOR ( 'NONE', #1366, 1000.000000000000000 ) ;
#1314 = VECTOR ( 'NONE', #1421, 1000.000000000000000 ) ;
#1315 = FACE_BOUND ( 'NONE', #67, .T. ) ;
#1316 = AXIS2_PLACEMENT_3D ( 'NONE', #881, #1018, #533 ) ;
#1317 = AXIS2_PLACEMENT_3D ( 'NONE', #842, #388, #38 ) ;
#1318 = APPLICATION_CONTEXT ( 'configuration controlled 3d designs of mechanical parts and assemblies' ) ;
#1319 = CARTESIAN_POINT ( 'NONE',  ( 4080.000000000000909, 455.1471862576142939, 140.0000000000000000 ) ) ;
#1320 = ORIENTED_EDGE ( 'NONE', *, *, #1449, .T. ) ;
#1321 = PLANE ( 'NONE',  #440 ) ;
#1322 = ORIENTED_EDGE ( 'NONE', *, *, #364, .F. ) ;
#1323 = EDGE_CURVE ( 'NONE', #966, #370, #150, .T. ) ;
#1324 = CARTESIAN_POINT ( 'NONE',  ( 79.99999999999998579, 455.1471862576142939, 140.0000000000000000 ) ) ;
#1325 = ORIENTED_EDGE ( 'NONE', *, *, #685, .F. ) ;
#1326 = CARTESIAN_POINT ( 'NONE',  ( 79.99999999999998579, 0.000000000000000000, 680.0000000000000000 ) ) ;
#1327 = DIRECTION ( 'NONE',  ( -0.000000000000000000, -1.000000000000000000, -0.000000000000000000 ) ) ;
#1328 = DIRECTION ( 'NONE',  ( -1.000000000000000000, 0.000000000000000000, 0.000000000000000000 ) ) ;
#1329 = PLANE ( 'NONE',  #637 ) ;
#1330 = EDGE_CURVE ( 'NONE', #247, #1038, #1076, .T. ) ;
#1331 = VERTEX_POINT ( 'NONE', #488 ) ;
#1332 = LINE ( 'NONE', #1035, #690 ) ;
#1333 = DIRECTION ( 'NONE',  ( 0.000000000000000000, 1.000000000000000000, 0.000000000000000000 ) ) ;
#1334 = VERTEX_POINT ( 'NONE', #1425 ) ;
#1335 = ORIENTED_EDGE ( 'NONE', *, *, #149, .F. ) ;
#1336 = AXIS2_PLACEMENT_3D ( 'NONE', #597, #1525, #795 ) ;
#1337 = EDGE_CURVE ( 'NONE', #58, #718, #125, .T. ) ;
#1338 = VECTOR ( 'NONE', #281, 1000.000000000000000 ) ;
#1339 = DATE_AND_TIME ( #236, #419 ) ;
#1340 = CARTESIAN_POINT ( 'NONE',  ( 0.000000000000000000, 0.000000000000000000, -600.0000000000000000 ) ) ;
#1341 = VERTEX_POINT ( 'NONE', #1309 ) ;
#1342 = CARTESIAN_POINT ( 'NONE',  ( 79.99999999999933209, 2200.000000000000000, 80.00000000000000000 ) ) ;
#1343 = LINE ( 'NONE', #598, #689 ) ;
#1344 = LINE ( 'NONE', #742, #91 ) ;
#1345 = ORIENTED_EDGE ( 'NONE', *, *, #1243, .F. ) ;
#1346 = CARTESIAN_POINT ( 'NONE',  ( 79.99999999999998579, 455.1471862576142939, 140.0000000000000000 ) ) ;
#1347 = ORIENTED_EDGE ( 'NONE', *, *, #727, .F. ) ;
#1348 = DIRECTION ( 'NONE',  ( -0.000000000000000000, -0.000000000000000000, 1.000000000000000000 ) ) ;
#1349 = FACE_OUTER_BOUND ( 'NONE', #291, .T. ) ;
#1350 = DIRECTION ( 'NONE',  ( -0.000000000000000000, 0.7071067811865475727, 0.7071067811865475727 ) ) ;
#1351 = VERTEX_POINT ( 'NONE', #137 ) ;
#1352 = ADVANCED_FACE ( 'NONE', ( #41 ), #362, .F. ) ;
#1353 = DIRECTION ( 'NONE',  ( -1.000000000000000000, 0.000000000000000000, 0.000000000000000000 ) ) ;
#1354 = ORIENTED_EDGE ( 'NONE', *, *, #719, .T. ) ;
#1355 = DIRECTION ( 'NONE',  ( 0.000000000000000000, -1.000000000000000000, 0.000000000000000000 ) ) ;
#1356 = FACE_OUTER_BOUND ( 'NONE', #812, .T. ) ;
#1357 = EDGE_CURVE ( 'NONE', #507, #793, #1343, .T. ) ;
#1358 = ORIENTED_EDGE ( 'NONE', *, *, #1078, .F. ) ;
#1359 = ADVANCED_FACE ( 'NONE', ( #1069 ), #611, .F. ) ;
#1360 = CARTESIAN_POINT ( 'NONE',  ( 79.99999999999933209, 2200.000000000000000, 0.000000000000000000 ) ) ;
#1361 = EDGE_LOOP ( 'NONE', ( #802, #1117 ) ) ;
#1362 = VECTOR ( 'NONE', #1302, 1000.000000000000000 ) ;
#1363 = FACE_OUTER_BOUND ( 'NONE', #1297, .T. ) ;
#1364 = AXIS2_PLACEMENT_3D ( 'NONE', #550, #1176, #107 ) ;
#1365 = VECTOR ( 'NONE', #855, 1000.000000000000000 ) ;
#1366 = DIRECTION ( 'NONE',  ( -0.000000000000000000, -0.000000000000000000, 1.000000000000000000 ) ) ;
#1367 = CC_DESIGN_APPROVAL ( #351, ( #461 ) ) ;
#1368 = ORIENTED_EDGE ( 'NONE', *, *, #112, .F. ) ;
#1369 = ADVANCED_FACE ( 'NONE', ( #1096 ), #1090, .T. ) ;
#1370 = CARTESIAN_POINT ( 'NONE',  ( 65.00000000000001421, 1165.000000000000227, 0.000000000000000000 ) ) ;
#1371 = ORIENTED_EDGE ( 'NONE', *, *, #276, .T. ) ;
#1372 = CARTESIAN_POINT ( 'NONE',  ( 0.000000000000000000, 2260.000000000000455, 80.00000000000000000 ) ) ;
#1373 = DIRECTION ( 'NONE',  ( -0.000000000000000000, -0.000000000000000000, 1.000000000000000000 ) ) ;
#1374 = CARTESIAN_POINT ( 'NONE',  ( 4080.000000000000909, 0.000000000000000000, -600.0000000000000000 ) ) ;
#1375 = LINE ( 'NONE', #1490, #883 ) ;
#1376 = VERTEX_POINT ( 'NONE', #497 ) ;
#1377 = EDGE_CURVE ( 'NONE', #900, #1196, #968, .T. ) ;
#1378 = CARTESIAN_POINT ( 'NONE',  ( 0.000000000000000000, 600.0000000000000000, 0.000000000000000000 ) ) ;
#1379 = DIRECTION ( 'NONE',  ( -1.000000000000000000, 0.000000000000000000, 0.000000000000000000 ) ) ;
#1380 = DIRECTION ( 'NONE',  ( -1.000000000000000000, 0.000000000000000000, 0.000000000000000000 ) ) ;
#1381 = EDGE_CURVE ( 'NONE', #890, #403, #1200, .T. ) ;
#1382 = FACE_OUTER_BOUND ( 'NONE', #475, .T. ) ;
#1383 = VERTEX_POINT ( 'NONE', #723 ) ;
#1384 = DIRECTION ( 'NONE',  ( 0.000000000000000000, 0.000000000000000000, -1.000000000000000000 ) ) ;
#1385 = CIRCLE ( 'NONE', #68, 24.99999999999975131 ) ;
#1386 = VECTOR ( 'NONE', #1473, 1000.000000000000000 ) ;
#1387 = ORGANIZATION ( 'UNSPECIFIED', 'UNSPECIFIED', '' ) ;
#1388 = CARTESIAN_POINT ( 'NONE',  ( 0.000000000000000000, 60.00000000000000000, 140.0000000000000568 ) ) ;
#1389 = ORIENTED_EDGE ( 'NONE', *, *, #1264, .F. ) ;
#1390 = CARTESIAN_POINT ( 'NONE',  ( 4160.000000000000909, 600.0000000000000000, 0.000000000000000000 ) ) ;
#1391 = ORIENTED_EDGE ( 'NONE', *, *, #1430, .F. ) ;
#1392 = DIRECTION ( 'NONE',  ( -1.000000000000000000, 0.000000000000000000, 0.000000000000000000 ) ) ;
#1393 = VERTEX_POINT ( 'NONE', #730 ) ;
#1394 = EDGE_CURVE ( 'NONE', #1038, #1092, #1217, .T. ) ;
#1395 = CARTESIAN_POINT ( 'NONE',  ( 79.99999999999998579, 0.000000000000000000, 0.000000000000000000 ) ) ;
#1396 = CYLINDRICAL_SURFACE ( 'NONE', #1060, 25.00000000000035527 ) ;
#1397 = ORIENTED_EDGE ( 'NONE', *, *, #73, .T. ) ;
#1398 = FACE_OUTER_BOUND ( 'NONE', #1279, .T. ) ;
#1399 = DIRECTION ( 'NONE',  ( 0.000000000000000000, 1.000000000000000000, 0.000000000000000000 ) ) ;
#1400 = ORIENTED_EDGE ( 'NONE', *, *, #1154, .T. ) ;
#1401 = CARTESIAN_POINT ( 'NONE',  ( 4080.000000000000909, 600.0000000000000000, 80.00000000000000000 ) ) ;
#1402 = ORIENTED_EDGE ( 'NONE', *, *, #614, .F. ) ;
#1403 = CARTESIAN_POINT ( 'NONE',  ( 4120.000000000000000, 1165.000000000000227, -200.0000000000000000 ) ) ;
#1404 = ORIENTED_EDGE ( 'NONE', *, *, #1122, .T. ) ;
#1405 = PERSON_AND_ORGANIZATION_ROLE ( 'creator' ) ;
#1406 = CARTESIAN_POINT ( 'NONE',  ( 79.99999999999933209, 2200.000000000000000, 80.00000000000000000 ) ) ;
#1407 = CARTESIAN_POINT ( 'NONE',  ( 79.99999999999998579, 455.1471862576142939, 140.0000000000000000 ) ) ;
#1408 = VECTOR ( 'NONE', #1248, 1000.000000000000000 ) ;
#1409 = EDGE_LOOP ( 'NONE', ( #676, #728, #1000, #1522 ) ) ;
#1410 = VECTOR ( 'NONE', #955, 1000.000000000000000 ) ;
#1411 = VECTOR ( 'NONE', #1103, 1000.000000000000000 ) ;
#1412 = ADVANCED_FACE ( 'NONE', ( #749, #1206, #620 ), #250, .F. ) ;
#1413 = FACE_OUTER_BOUND ( 'NONE', #47, .T. ) ;
#1414 = DATE_AND_TIME ( #936, #1167 ) ;
#1415 = CARTESIAN_POINT ( 'NONE',  ( 0.000000000000000000, 600.0000000000000000, 0.000000000000000000 ) ) ;
#1416 = CARTESIAN_POINT ( 'NONE',  ( 79.99999999999998579, 0.000000000000000000, 0.000000000000000000 ) ) ;
#1417 = ADVANCED_FACE ( 'NONE', ( #1132 ), #665, .T. ) ;
#1418 = ORIENTED_EDGE ( 'NONE', *, *, #797, .F. ) ;
#1419 = EDGE_CURVE ( 'NONE', #134, #58, #172, .T. ) ;
#1420 = CARTESIAN_POINT ( 'NONE',  ( 0.000000000000000000, 0.000000000000000000, -600.0000000000000000 ) ) ;
#1421 = DIRECTION ( 'NONE',  ( -0.000000000000000000, 1.000000000000000000, -0.000000000000000000 ) ) ;
#1422 = ORIENTED_EDGE ( 'NONE', *, *, #992, .T. ) ;
#1423 = CARTESIAN_POINT ( 'NONE',  ( 40.00000000000000000, 2220.000000000000000, 0.000000000000000000 ) ) ;
#1424 = ADVANCED_FACE ( 'NONE', ( #191 ), #163, .T. ) ;
#1425 = CARTESIAN_POINT ( 'NONE',  ( 4160.000000000000909, 60.00000000000000000, -60.00000000000005684 ) ) ;
#1426 = ORIENTED_EDGE ( 'NONE', *, *, #1430, .T. ) ;
#1427 = DIRECTION ( 'NONE',  ( -1.000000000000000000, 0.000000000000000000, 0.000000000000000000 ) ) ;
#1428 = EDGE_LOOP ( 'NONE', ( #36, #119, #824, #1145 ) ) ;
#1429 = LINE ( 'NONE', #496, #1410 ) ;
#1430 = EDGE_CURVE ( 'NONE', #1181, #602, #420, .T. ) ;
#1431 = DIRECTION ( 'NONE',  ( 0.000000000000000000, -1.000000000000000000, -0.000000000000000000 ) ) ;
#1432 = VERTEX_POINT ( 'NONE', #1464 ) ;
#1433 = AXIS2_PLACEMENT_3D ( 'NONE', #715, #1195, #1392 ) ;
#1434 = VECTOR ( 'NONE', #575, 1000.000000000000000 ) ;
#1435 = VECTOR ( 'NONE', #633, 1000.000000000000000 ) ;
#1436 = LINE ( 'NONE', #254, #219 ) ;
#1437 = LOCAL_TIME ( 22, 34, 56.00000000000000000, #1523 ) ;
#1438 = EDGE_LOOP ( 'NONE', ( #1534, #913, #25 ) ) ;
#1439 = LINE ( 'NONE', #1454, #144 ) ;
#1440 = VERTEX_POINT ( 'NONE', #1110 ) ;
#1441 = ADVANCED_FACE ( 'NONE', ( #651 ), #411, .T. ) ;
#1442 = FACE_BOUND ( 'NONE', #832, .T. ) ;
#1443 = CARTESIAN_POINT ( 'NONE',  ( 79.99999999999945999, 0.000000000000000000, 0.000000000000000000 ) ) ;
#1444 = ORIENTED_EDGE ( 'NONE', *, *, #19, .T. ) ;
#1445 = LINE ( 'NONE', #1326, #784 ) ;
#1446 = DIRECTION ( 'NONE',  ( 0.000000000000000000, 0.7071067811865474617, 0.7071067811865474617 ) ) ;
#1447 = ORIENTED_EDGE ( 'NONE', *, *, #871, .F. ) ;
#1448 = EDGE_LOOP ( 'NONE', ( #788, #1474, #653, #682, #480, #32, #656, #242 ) ) ;
#1449 = EDGE_CURVE ( 'NONE', #1351, #147, #401, .T. ) ;
#1450 = DIRECTION ( 'NONE',  ( -0.000000000000000000, 1.000000000000000000, 1.756027663925576400E-17 ) ) ;
#1451 = APPROVAL_DATE_TIME ( #1339, #508 ) ;
#1452 = FACE_OUTER_BOUND ( 'NONE', #1094, .T. ) ;
#1453 = EDGE_LOOP ( 'NONE', ( #961, #623 ) ) ;
#1454 = CARTESIAN_POINT ( 'NONE',  ( 79.99999999999933209, 2200.000000000000000, 0.000000000000000000 ) ) ;
#1455 = CARTESIAN_POINT ( 'NONE',  ( 4120.000000000000909, 2220.000000000000000, -200.0000000000000000 ) ) ;
#1456 = CYLINDRICAL_SURFACE ( 'NONE', #1161, 25.00000000000000711 ) ;
#1457 = ORIENTED_EDGE ( 'NONE', *, *, #648, .F. ) ;
#1458 = AXIS2_PLACEMENT_3D ( 'NONE', #347, #700, #817 ) ;
#1459 = VECTOR ( 'NONE', #628, 1000.000000000000114 ) ;
#1460 = DIRECTION ( 'NONE',  ( -0.000000000000000000, -0.7071067811865474617, 0.7071067811865474617 ) ) ;
#1461 = ORIENTED_EDGE ( 'NONE', *, *, #183, .T. ) ;
#1462 = CARTESIAN_POINT ( 'NONE',  ( 79.99999999999998579, 0.000000000000000000, 80.00000000000000000 ) ) ;
#1463 = AXIS2_PLACEMENT_3D ( 'NONE', #898, #178, #635 ) ;
#1464 = CARTESIAN_POINT ( 'NONE',  ( 4095.000000000000455, 2220.000000000000000, 0.000000000000000000 ) ) ;
#1465 = EDGE_CURVE ( 'NONE', #499, #1276, #1125, .T. ) ;
#1466 = DIRECTION ( 'NONE',  ( -0.000000000000000000, -0.000000000000000000, 1.000000000000000000 ) ) ;
#1467 = EDGE_LOOP ( 'NONE', ( #1502, #1469, #1245, #1172 ) ) ;
#1468 = DIRECTION ( 'NONE',  ( 0.000000000000000000, 0.000000000000000000, -1.000000000000000000 ) ) ;
#1469 = ORIENTED_EDGE ( 'NONE', *, *, #260, .F. ) ;
#1470 = DIRECTION ( 'NONE',  ( -0.000000000000000000, -0.000000000000000000, 1.000000000000000000 ) ) ;
#1471 = CARTESIAN_POINT ( 'NONE',  ( 4094.999999999999545, 1165.000000000000227, -200.0000000000000000 ) ) ;
#1472 = ORIENTED_EDGE ( 'NONE', *, *, #685, .T. ) ;
#1473 = DIRECTION ( 'NONE',  ( -0.000000000000000000, -0.000000000000000000, -1.000000000000000000 ) ) ;
#1474 = ORIENTED_EDGE ( 'NONE', *, *, #992, .F. ) ;
#1475 = DIRECTION ( 'NONE',  ( -1.000000000000000000, 0.000000000000000000, -0.000000000000000000 ) ) ;
#1476 = CARTESIAN_POINT ( 'NONE',  ( 4080.000000000000909, 0.000000000000000000, 680.0000000000000000 ) ) ;
#1477 = ADVANCED_FACE ( 'NONE', ( #61 ), #283, .T. ) ;
#1478 = AXIS2_PLACEMENT_3D ( 'NONE', #636, #1350, #130 ) ;
#1479 = DIRECTION ( 'NONE',  ( -1.000000000000000000, 0.000000000000000000, -0.000000000000000000 ) ) ;
#1480 = ORIENTED_EDGE ( 'NONE', *, *, #1291, .T. ) ;
#1481 = VECTOR ( 'NONE', #273, 1000.000000000000000 ) ;
#1482 = CARTESIAN_POINT ( 'NONE',  ( 40.00000000000000711, 1165.000000000000227, -200.0000000000000000 ) ) ;
#1483 = AXIS2_PLACEMENT_3D ( 'NONE', #1065, #354, #1305 ) ;
#1484 = VECTOR ( 'NONE', #986, 1000.000000000000000 ) ;
#1485 = CARTESIAN_POINT ( 'NONE',  ( 4080.000000000000000, 2200.000000000000000, 0.000000000000000000 ) ) ;
#1486 = VERTEX_POINT ( 'NONE', #995 ) ;
#1487 = ADVANCED_FACE ( 'NONE', ( #869 ), #1236, .F. ) ;
#1488 = LINE ( 'NONE', #662, #814 ) ;
#1489 = ADVANCED_FACE ( 'NONE', ( #1349 ), #1230, .F. ) ;
#1490 = CARTESIAN_POINT ( 'NONE',  ( 79.99999999999998579, 60.00000000000000000, -455.1471862576142939 ) ) ;
#1491 = ORIENTED_EDGE ( 'NONE', *, *, #589, .T. ) ;
#1492 = APPLICATION_CONTEXT ( 'configuration controlled 3d designs of mechanical parts and assemblies' ) ;
#1493 = CARTESIAN_POINT ( 'NONE',  ( 40.00000000000000000, 2220.000000000000000, -200.0000000000000000 ) ) ;
#1494 = LINE ( 'NONE', #173, #931 ) ;
#1495 = DIRECTION ( 'NONE',  ( -0.000000000000000000, 0.7071067811865474617, -0.7071067811865476838 ) ) ;
#1496 = DIRECTION ( 'NONE',  ( 1.000000000000000000, 0.000000000000000000, 0.000000000000000000 ) ) ;
#1497 = EDGE_LOOP ( 'NONE', ( #522, #701, #1032, #848 ) ) ;
#1498 = CARTESIAN_POINT ( 'NONE',  ( 0.000000000000000000, 0.000000000000000000, 0.000000000000000000 ) ) ;
#1499 = CARTESIAN_POINT ( 'NONE',  ( 40.00000000000000000, 2220.000000000000000, -200.0000000000000000 ) ) ;
#1500 = ORIENTED_EDGE ( 'NONE', *, *, #1178, .T. ) ;
#1501 = DIRECTION ( 'NONE',  ( -0.000000000000000000, -0.000000000000000000, -1.000000000000000000 ) ) ;
#1502 = ORIENTED_EDGE ( 'NONE', *, *, #1024, .F. ) ;
#1503 = COORDINATED_UNIVERSAL_TIME_OFFSET ( 1, 0, .AHEAD. ) ;
#1504 = DIRECTION ( 'NONE',  ( -0.000000000000000000, -0.000000000000000000, -1.000000000000000000 ) ) ;
#1505 = AXIS2_PLACEMENT_3D ( 'NONE', #666, #1026, #290 ) ;
#1506 = VECTOR ( 'NONE', #920, 1000.000000000000000 ) ;
#1507 = VERTEX_POINT ( 'NONE', #1378 ) ;
#1508 = CIRCLE ( 'NONE', #397, 25.00000000000035527 ) ;
#1509 = FACE_OUTER_BOUND ( 'NONE', #1208, .T. ) ;
#1510 = CC_DESIGN_APPROVAL ( #508, ( #887 ) ) ;
#1511 = CARTESIAN_POINT ( 'NONE',  ( 4120.000000000000909, 2220.000000000000000, -200.0000000000000000 ) ) ;
#1512 = ORIENTED_EDGE ( 'NONE', *, *, #1242, .T. ) ;
#1513 = ADVANCED_FACE ( 'NONE', ( #520 ), #304, .F. ) ;
#1514 = ADVANCED_FACE ( 'NONE', ( #311 ), #1253, .F. ) ;
#1515 = DATE_AND_TIME ( #442, #962 ) ;
#1516 = LINE ( 'NONE', #833, #190 ) ;
#1517 = DIRECTION ( 'NONE',  ( 0.000000000000000000, 0.000000000000000000, -1.000000000000000000 ) ) ;
#1518 = ORIENTED_EDGE ( 'NONE', *, *, #594, .T. ) ;
#1519 = ADVANCED_FACE ( 'NONE', ( #56 ), #761, .T. ) ;
#1520 = DIRECTION ( 'NONE',  ( -1.000000000000000000, 0.000000000000000000, 0.000000000000000000 ) ) ;
#1521 = CYLINDRICAL_SURFACE ( 'NONE', #517, 25.00000000000035527 ) ;
#1522 = ORIENTED_EDGE ( 'NONE', *, *, #667, .T. ) ;
#1523 = COORDINATED_UNIVERSAL_TIME_OFFSET ( 1, 0, .AHEAD. ) ;
#1524 = DIRECTION ( 'NONE',  ( 0.000000000000000000, 0.000000000000000000, -1.000000000000000000 ) ) ;
#1525 = DIRECTION ( 'NONE',  ( 0.000000000000000000, 0.000000000000000000, -1.000000000000000000 ) ) ;
#1526 = ADVANCED_FACE ( 'NONE', ( #1363, #299 ), #1150, .F. ) ;
#1527 = ORIENTED_EDGE ( 'NONE', *, *, #487, .T. ) ;
#1528 = EDGE_CURVE ( 'NONE', #880, #425, #794, .T. ) ;
#1529 = CARTESIAN_POINT ( 'NONE',  ( 4145.000000000000909, 2220.000000000000000, 0.000000000000000000 ) ) ;
#1530 = PERSON_AND_ORGANIZATION_ROLE ( 'classification_officer' ) ;
#1531 = CARTESIAN_POINT ( 'NONE',  ( 64.99999999999975842, 2220.000000000000000, -200.0000000000000000 ) ) ;
#1532 = DIRECTION ( 'NONE',  ( 0.000000000000000000, 1.000000000000000000, 0.000000000000000000 ) ) ;
#1533 = AXIS2_PLACEMENT_3D ( 'NONE', #1260, #185, #1384 ) ;
#1534 = ORIENTED_EDGE ( 'NONE', *, *, #803, .F. ) ;
#1535 = AXIS2_PLACEMENT_3D ( 'NONE', #675, #186, #1380 ) ;
#1536 = VECTOR ( 'NONE', #358, 1000.000000000000114 ) ;
#1537 = VECTOR ( 'NONE', #493, 1000.000000000000000 ) ;
ENDSEC;
END-ISO-10303-21;
